ID Transaccion;Caso de negocio;ID Entidad Ordenante;Nombre Entidad Ordenante;Nombre Comercial Ordenante;Moneda;Monto;ID Entidad Beneficiaria;Nombre Comercial Beneficiario;Fecha Hora Inicio Transaccion;Fecha Hora Fin Transaccion;Tiempo de Transaccion;Fecha Hora Inicio Transaccion Ordenante;Fecha Hora Fin Transaccion Ordenante;Tiempo de Transaccion Ordenante;Fecha Hora Inicio Transaccion Beneficiario;Fecha Hora Fin Transaccion Beneficiario;Tiempo de Transaccion Beneficiario;Codigo de Respuesta;Codigo de Error;Codigo de Respuesta de Entidad Beneficiaria;ID Procesador de Pago;Indicador Procesador de Pagos;Codigo Error Conexion Procesador de Pagos 
4555346605;0;0921;Tarjetas Peruanas (Ligo);;PEN;5000.00;0003;IBK;20/10/2025 19:06:34.047;20/10/2025 19:06:35.403;1356;20/10/2025 19:06:34.047;20/10/2025 19:06:35.403;1356;20/10/2025 19:06:34.302;20/10/2025 19:06:35.161;859;00;;00;5400;1;
4555349007;0;0054;Banco Falabella;;PEN;49.72;0049;MIB;20/10/2025 19:07:23.228;20/10/2025 19:07:24.664;1436;20/10/2025 19:07:23.228;20/10/2025 19:07:24.664;1436;20/10/2025 19:07:23.512;20/10/2025 19:07:24.404;892;00;;00;5400;1;
4555439017;0;0054;Banco Falabella;;PEN;176.23;0813;CTAC;20/10/2025 19:36:20.990;20/10/2025 19:36:21.773;783;20/10/2025 19:36:20.990;20/10/2025 19:36:21.773;783;20/10/2025 19:36:21.173;20/10/2025 19:36:21.617;444;00;;00;5400;1;
4555452637;0;0054;Banco Falabella;;PEN;396.11;0813;CTAC;20/10/2025 19:40:39.360;20/10/2025 19:40:40.258;898;20/10/2025 19:40:39.360;20/10/2025 19:40:40.258;898;20/10/2025 19:40:39.615;20/10/2025 19:40:40.003;388;00;;00;5400;1;
4555456087;0;0054;Banco Falabella;;PEN;211.55;0813;CTAC;20/10/2025 19:41:51.784;20/10/2025 19:41:52.755;971;20/10/2025 19:41:51.784;20/10/2025 19:41:52.755;971;20/10/2025 19:41:51.978;20/10/2025 19:41:52.512;534;00;;00;5400;1;
4555469078;0;0054;Banco Falabella;;PEN;426.87;0094;FOH;20/10/2025 19:45:57.551;20/10/2025 19:46:01.075;3524;20/10/2025 19:45:57.551;20/10/2025 19:46:01.075;3524;20/10/2025 19:45:57.728;20/10/2025 19:46:00.831;3103;00;;00;5400;1;
4555825319;0;0038;Banbif;;PEN;10.00;0002;BCP;20/10/2025 21:40:46.820;20/10/2025 21:40:57.324;10504;20/10/2025 21:40:46.820;20/10/2025 21:40:57.324;10504;20/10/2025 21:40:46.981;;;05;DS24;;5400;2;
4555827847;0;0038;Banbif;;PEN;10.00;0002;BCP;20/10/2025 21:41:30.194;20/10/2025 21:41:40.920;10726;20/10/2025 21:41:30.194;20/10/2025 21:41:40.920;10726;20/10/2025 21:41:30.472;;;05;DS24;;5400;2;
4555832532;0;0038;Banbif;;PEN;10.00;0002;BCP;20/10/2025 21:42:59.296;20/10/2025 21:43:10.049;10753;20/10/2025 21:42:59.296;20/10/2025 21:43:10.049;10753;20/10/2025 21:42:59.582;;;05;DS24;;5400;2;
4553142299;0;0049;Mibanco;;PEN;1.00;0002;BCP;20/10/2025 07:54:56.579;20/10/2025 07:55:06.912;10333;20/10/2025 07:54:56.579;20/10/2025 07:55:06.912;10333;20/10/2025 07:54:56.740;;;05;DS24;;5400;2;
4553141220;0;0049;Mibanco;;PEN;1.00;0002;BCP;20/10/2025 07:54:33.195;20/10/2025 07:54:43.334;10139;20/10/2025 07:54:33.195;20/10/2025 07:54:43.334;10139;20/10/2025 07:54:33.361;;;05;DS24;;5400;2;
4553140269;0;0049;Mibanco;;PEN;1.00;0002;BCP;20/10/2025 07:54:13.065;20/10/2025 07:54:20.443;7378;20/10/2025 07:54:13.065;20/10/2025 07:54:20.443;7378;20/10/2025 07:54:13.367;20/10/2025 07:54:20.164;6797;00;;00;5400;1;
4553146063;0;0049;Mibanco;;PEN;1.00;0002;BCP;20/10/2025 07:56:04.908;20/10/2025 07:56:05.578;670;20/10/2025 07:56:04.908;20/10/2025 07:56:05.578;670;20/10/2025 07:56:05.043;20/10/2025 07:56:05.369;326;00;;00;5400;1;
4553148754;0;0049;Mibanco;;PEN;1.00;0002;BCP;20/10/2025 07:56:52.284;20/10/2025 07:56:53.002;718;20/10/2025 07:56:52.284;20/10/2025 07:56:53.002;718;20/10/2025 07:56:52.536;20/10/2025 07:56:52.845;309;00;;00;5400;1;
4553144969;0;0049;Mibanco;;PEN;1.00;0002;BCP;20/10/2025 07:55:43.045;20/10/2025 07:55:53.514;10469;20/10/2025 07:55:43.045;20/10/2025 07:55:53.514;10469;20/10/2025 07:55:43.294;;;05;DS24;;5400;2;
4553147661;0;0049;Mibanco;;PEN;1.00;0002;BCP;20/10/2025 07:56:24.496;20/10/2025 07:56:25.243;747;20/10/2025 07:56:24.496;20/10/2025 07:56:25.243;747;20/10/2025 07:56:24.675;20/10/2025 07:56:24.974;299;00;;00;5400;1;
4553147430;0;0049;Mibanco;;PEN;1.00;0002;BCP;20/10/2025 07:56:21.115;20/10/2025 07:56:27.805;6690;20/10/2025 07:56:21.115;20/10/2025 07:56:27.805;6690;20/10/2025 07:56:21.352;20/10/2025 07:56:27.671;6319;00;;00;5400;1;
4553148324;0;0049;Mibanco;;PEN;1.00;0002;BCP;20/10/2025 07:56:41.920;20/10/2025 07:56:42.608;688;20/10/2025 07:56:41.920;20/10/2025 07:56:42.608;688;20/10/2025 07:56:42.165;20/10/2025 07:56:42.467;302;00;;00;5400;1;
4553152389;0;0049;Mibanco;;PEN;1.00;0002;BCP;20/10/2025 07:57:55.215;20/10/2025 07:57:55.923;708;20/10/2025 07:57:55.215;20/10/2025 07:57:55.923;708;20/10/2025 07:57:55.394;20/10/2025 07:57:55.650;256;00;;00;5400;1;
4553150845;0;0049;Mibanco;;PEN;1.00;0002;BCP;20/10/2025 07:57:21.596;20/10/2025 07:57:28.441;6845;20/10/2025 07:57:21.596;20/10/2025 07:57:28.441;6845;20/10/2025 07:57:21.810;20/10/2025 07:57:28.186;6376;00;;00;5400;1;
4553151916;0;0049;Mibanco;;PEN;1.00;0002;BCP;20/10/2025 07:57:44.390;20/10/2025 07:57:44.986;596;20/10/2025 07:57:44.390;20/10/2025 07:57:44.986;596;20/10/2025 07:57:44.529;20/10/2025 07:57:44.827;298;00;;00;5400;1;
4553148770;0;0049;Mibanco;;PEN;1.00;0002;BCP;20/10/2025 07:56:53.874;20/10/2025 07:57:00.892;7018;20/10/2025 07:56:53.874;20/10/2025 07:57:00.892;7018;20/10/2025 07:56:54.309;20/10/2025 07:57:00.652;6343;00;;00;5400;1;
4553158379;0;0049;Mibanco;;PEN;1.00;0002;BCP;20/10/2025 07:59:34.480;20/10/2025 07:59:35.136;656;20/10/2025 07:59:34.480;20/10/2025 07:59:35.136;656;20/10/2025 07:59:34.676;20/10/2025 07:59:35.006;330;00;;00;5400;1;
4553158869;0;0049;Mibanco;;PEN;1.00;0002;BCP;20/10/2025 07:59:45.183;20/10/2025 07:59:55.502;10319;20/10/2025 07:59:45.183;20/10/2025 07:59:55.502;10319;20/10/2025 07:59:45.332;;;05;DS24;;5400;2;
4553158629;0;0049;Mibanco;;PEN;1.00;0002;BCP;20/10/2025 07:59:39.691;20/10/2025 07:59:40.269;578;20/10/2025 07:59:39.691;20/10/2025 07:59:40.269;578;20/10/2025 07:59:39.851;20/10/2025 07:59:40.072;221;00;;00;5400;1;
4553158384;0;0049;Mibanco;;PEN;1.00;0002;BCP;20/10/2025 07:59:34.875;20/10/2025 07:59:35.387;512;20/10/2025 07:59:34.875;20/10/2025 07:59:35.387;512;20/10/2025 07:59:35.021;20/10/2025 07:59:35.243;222;00;;00;5400;1;
4553158662;0;0049;Mibanco;;PEN;1.00;0002;BCP;20/10/2025 07:59:42.127;20/10/2025 07:59:48.823;6696;20/10/2025 07:59:42.127;20/10/2025 07:59:48.823;6696;20/10/2025 07:59:42.285;20/10/2025 07:59:48.548;6263;00;;00;5400;1;
4553161634;0;0049;Mibanco;;PEN;1.00;0002;BCP;20/10/2025 08:00:24.431;20/10/2025 08:00:25.110;679;20/10/2025 08:00:24.431;20/10/2025 08:00:25.110;679;20/10/2025 08:00:24.643;20/10/2025 08:00:24.942;299;00;;00;5400;1;
4553159174;0;0049;Mibanco;;PEN;1.00;0002;BCP;20/10/2025 07:59:53.900;20/10/2025 07:59:54.603;703;20/10/2025 07:59:53.900;20/10/2025 07:59:54.603;703;20/10/2025 07:59:54.153;20/10/2025 07:59:54.373;220;00;;00;5400;1;
4553160010;0;0049;Mibanco;;PEN;1.00;0002;BCP;20/10/2025 08:00:06.223;20/10/2025 08:00:16.520;10297;20/10/2025 08:00:06.223;20/10/2025 08:00:16.520;10297;20/10/2025 08:00:06.358;;;05;DS24;;5400;2;
4553160015;0;0049;Mibanco;;PEN;1.00;0002;BCP;20/10/2025 08:00:06.642;20/10/2025 08:00:07.255;613;20/10/2025 08:00:06.642;20/10/2025 08:00:07.255;613;20/10/2025 08:00:06.888;20/10/2025 08:00:07.098;210;00;;00;5400;1;
4553162864;0;0049;Mibanco;;PEN;1.00;0002;BCP;20/10/2025 08:00:52.019;20/10/2025 08:00:52.711;692;20/10/2025 08:00:52.019;20/10/2025 08:00:52.711;692;20/10/2025 08:00:52.296;20/10/2025 08:00:52.562;266;00;;00;5400;1;
4553161947;0;0049;Mibanco;;PEN;1.00;0002;BCP;20/10/2025 08:00:33.607;20/10/2025 08:00:34.426;819;20/10/2025 08:00:33.607;20/10/2025 08:00:34.426;819;20/10/2025 08:00:33.856;20/10/2025 08:00:34.171;315;00;;00;5400;1;
4553162415;0;0049;Mibanco;;PEN;1.00;0002;BCP;20/10/2025 08:00:42.619;20/10/2025 08:00:49.481;6862;20/10/2025 08:00:42.619;20/10/2025 08:00:49.481;6862;20/10/2025 08:00:42.766;20/10/2025 08:00:49.234;6468;00;;00;5400;1;
4553163399;0;0049;Mibanco;;PEN;1.00;0002;BCP;20/10/2025 08:01:00.224;20/10/2025 08:01:06.906;6682;20/10/2025 08:01:00.224;20/10/2025 08:01:06.906;6682;20/10/2025 08:01:00.502;20/10/2025 08:01:06.762;6260;00;;00;5400;1;
4553164041;0;0049;Mibanco;;PEN;1.00;0002;BCP;20/10/2025 08:01:09.581;20/10/2025 08:01:10.257;676;20/10/2025 08:01:09.581;20/10/2025 08:01:10.257;676;20/10/2025 08:01:09.839;20/10/2025 08:01:10.027;188;00;;00;5400;1;
4553163630;0;0049;Mibanco;;PEN;1.00;0002;BCP;20/10/2025 08:01:05.528;20/10/2025 08:01:06.226;698;20/10/2025 08:01:05.528;20/10/2025 08:01:06.226;698;20/10/2025 08:01:05.786;20/10/2025 08:01:06.070;284;00;;00;5400;1;
4553164459;0;0049;Mibanco;;PEN;1.00;0002;BCP;20/10/2025 08:01:17.281;20/10/2025 08:01:23.851;6570;20/10/2025 08:01:17.281;20/10/2025 08:01:23.851;6570;20/10/2025 08:01:17.451;20/10/2025 08:01:23.692;6241;00;;00;5400;1;
4553164912;0;0049;Mibanco;;PEN;1.00;0002;BCP;20/10/2025 08:01:23.721;20/10/2025 08:01:24.326;605;20/10/2025 08:01:23.721;20/10/2025 08:01:24.326;605;20/10/2025 08:01:23.917;20/10/2025 08:01:24.150;233;00;;00;5400;1;
4553164873;0;0049;Mibanco;;PEN;1.00;0002;BCP;20/10/2025 08:01:20.666;20/10/2025 08:01:21.362;696;20/10/2025 08:01:20.666;20/10/2025 08:01:21.362;696;20/10/2025 08:01:20.800;20/10/2025 08:01:21.136;336;00;;00;5400;1;
4553166821;0;0049;Mibanco;;PEN;1.00;0002;BCP;20/10/2025 08:01:58.125;20/10/2025 08:01:58.766;641;20/10/2025 08:01:58.125;20/10/2025 08:01:58.766;641;20/10/2025 08:01:58.328;20/10/2025 08:01:58.637;309;00;;00;5400;1;
4553169047;0;0049;Mibanco;;PEN;1.00;0002;BCP;20/10/2025 08:02:24.281;20/10/2025 08:02:34.821;10540;20/10/2025 08:02:24.281;20/10/2025 08:02:34.821;10540;20/10/2025 08:02:24.525;;;05;DS24;;5400;2;
4553167346;0;0049;Mibanco;;PEN;1.00;0002;BCP;20/10/2025 08:02:07.602;20/10/2025 08:02:08.322;720;20/10/2025 08:02:07.602;20/10/2025 08:02:08.322;720;20/10/2025 08:02:07.852;20/10/2025 08:02:08.074;222;00;;00;5400;1;
4553168149;0;0049;Mibanco;;PEN;1.00;0002;BCP;20/10/2025 08:02:16.558;20/10/2025 08:02:17.295;737;20/10/2025 08:02:16.558;20/10/2025 08:02:17.295;737;20/10/2025 08:02:16.732;20/10/2025 08:02:17.034;302;00;;00;5400;1;
4553167095;0;0049;Mibanco;;PEN;1.00;0002;BCP;20/10/2025 08:02:01.874;20/10/2025 08:02:02.699;825;20/10/2025 08:02:01.874;20/10/2025 08:02:02.699;825;20/10/2025 08:02:02.022;20/10/2025 08:02:02.437;415;00;;00;5400;1;
4553167788;0;0049;Mibanco;;PEN;1.00;0002;BCP;20/10/2025 08:02:13.369;20/10/2025 08:02:14.005;636;20/10/2025 08:02:13.369;20/10/2025 08:02:14.005;636;20/10/2025 08:02:13.653;20/10/2025 08:02:13.845;192;00;;00;5400;1;
4553169537;0;0049;Mibanco;;PEN;1.00;0002;BCP;20/10/2025 08:02:34.860;20/10/2025 08:02:41.536;6676;20/10/2025 08:02:34.860;20/10/2025 08:02:41.536;6676;20/10/2025 08:02:35.018;20/10/2025 08:02:41.296;6278;00;;00;5400;1;
4553169088;0;0049;Mibanco;;PEN;1.00;0002;BCP;20/10/2025 08:02:27.156;20/10/2025 08:02:27.731;575;20/10/2025 08:02:27.156;20/10/2025 08:02:27.731;575;20/10/2025 08:02:27.282;20/10/2025 08:02:27.585;303;00;;00;5400;1;
4553170067;0;0049;Mibanco;;PEN;1.00;0002;BCP;20/10/2025 08:02:45.766;20/10/2025 08:02:46.283;517;20/10/2025 08:02:45.766;20/10/2025 08:02:46.283;517;20/10/2025 08:02:45.932;20/10/2025 08:02:46.135;203;00;;00;5400;1;
4553169570;0;0049;Mibanco;;PEN;1.00;0002;BCP;20/10/2025 08:02:38.119;20/10/2025 08:02:44.721;6602;20/10/2025 08:02:38.119;20/10/2025 08:02:44.721;6602;20/10/2025 08:02:38.284;20/10/2025 08:02:44.480;6196;00;;00;5400;1;
4553171663;0;0049;Mibanco;;PEN;1.00;0002;BCP;20/10/2025 08:03:11.664;20/10/2025 08:03:12.364;700;20/10/2025 08:03:11.664;20/10/2025 08:03:12.364;700;20/10/2025 08:03:11.932;20/10/2025 08:03:12.138;206;00;;00;5400;1;
4553170352;0;0049;Mibanco;;PEN;1.00;0002;BCP;20/10/2025 08:02:52.285;20/10/2025 08:02:58.956;6671;20/10/2025 08:02:52.285;20/10/2025 08:02:58.956;6671;20/10/2025 08:02:52.433;20/10/2025 08:02:58.741;6308;00;;00;5400;1;
4553170902;0;0049;Mibanco;;PEN;1.00;0002;BCP;20/10/2025 08:03:01.362;20/10/2025 08:03:02.041;679;20/10/2025 08:03:01.362;20/10/2025 08:03:02.041;679;20/10/2025 08:03:01.511;20/10/2025 08:03:01.790;279;00;;00;5400;1;
4553170887;0;0049;Mibanco;;PEN;1.00;0002;BCP;20/10/2025 08:02:59.923;20/10/2025 08:03:06.694;6771;20/10/2025 08:02:59.923;20/10/2025 08:03:06.694;6771;20/10/2025 08:03:00.092;20/10/2025 08:03:06.431;6339;00;;00;5400;1;
4553171192;0;0049;Mibanco;;PEN;1.00;0002;BCP;20/10/2025 08:03:08.554;20/10/2025 08:03:09.193;639;20/10/2025 08:03:08.554;20/10/2025 08:03:09.193;639;20/10/2025 08:03:08.773;20/10/2025 08:03:09.044;271;00;;00;5400;1;
4553172487;0;0049;Mibanco;;PEN;1.00;0002;BCP;20/10/2025 08:03:21.749;20/10/2025 08:03:32.102;10353;20/10/2025 08:03:21.749;20/10/2025 08:03:32.102;10353;20/10/2025 08:03:21.970;;;05;DS24;;5400;2;
4553172084;0;0049;Mibanco;;PEN;1.00;0002;BCP;20/10/2025 08:03:19.002;20/10/2025 08:03:25.686;6684;20/10/2025 08:03:19.002;20/10/2025 08:03:25.686;6684;20/10/2025 08:03:19.273;20/10/2025 08:03:25.543;6270;00;;00;5400;1;
4553172039;0;0049;Mibanco;;PEN;1.00;0002;BCP;20/10/2025 08:03:16.372;20/10/2025 08:03:17.117;745;20/10/2025 08:03:16.372;20/10/2025 08:03:17.117;745;20/10/2025 08:03:16.629;20/10/2025 08:03:16.873;244;00;;00;5400;1;
4553173239;0;0049;Mibanco;;PEN;1.00;0002;BCP;20/10/2025 08:03:33.397;20/10/2025 08:03:33.945;548;20/10/2025 08:03:33.397;20/10/2025 08:03:33.945;548;20/10/2025 08:03:33.543;20/10/2025 08:03:33.758;215;00;;00;5400;1;
4553172950;0;0049;Mibanco;;PEN;1.00;0002;BCP;20/10/2025 08:03:26.912;20/10/2025 08:03:33.543;6631;20/10/2025 08:03:26.912;20/10/2025 08:03:33.543;6631;20/10/2025 08:03:27.054;20/10/2025 08:03:33.357;6303;00;;00;5400;1;
4553174212;0;0049;Mibanco;;PEN;1.00;0002;BCP;20/10/2025 08:03:49.607;20/10/2025 08:03:59.984;10377;20/10/2025 08:03:49.607;20/10/2025 08:03:59.984;10377;20/10/2025 08:03:49.846;;;05;DS24;;5400;2;
4553173781;0;0049;Mibanco;;PEN;1.00;0002;BCP;20/10/2025 08:03:43.722;20/10/2025 08:03:44.350;628;20/10/2025 08:03:43.722;20/10/2025 08:03:44.350;628;20/10/2025 08:03:43.891;20/10/2025 08:03:44.143;252;00;;00;5400;1;
4553179860;0;0049;Mibanco;;PEN;1.00;0002;BCP;20/10/2025 08:05:17.925;20/10/2025 08:05:18.690;765;20/10/2025 08:05:17.925;20/10/2025 08:05:18.690;765;20/10/2025 08:05:18.105;20/10/2025 08:05:18.465;360;00;;00;5400;1;
4553174440;0;0049;Mibanco;;PEN;1.00;0002;BCP;20/10/2025 08:03:54.527;20/10/2025 08:04:05.004;10477;20/10/2025 08:03:54.527;20/10/2025 08:04:05.004;10477;20/10/2025 08:03:54.695;;;05;DS24;;5400;2;
4553175774;0;0049;Mibanco;;PEN;1.00;0002;BCP;20/10/2025 08:04:17.049;20/10/2025 08:04:23.688;6639;20/10/2025 08:04:17.049;20/10/2025 08:04:23.688;6639;20/10/2025 08:04:17.220;20/10/2025 08:04:23.471;6251;00;;00;5400;1;
4553176995;0;0049;Mibanco;;PEN;1.00;0002;BCP;20/10/2025 08:04:30.872;20/10/2025 08:04:41.063;10191;20/10/2025 08:04:30.872;20/10/2025 08:04:41.063;10191;20/10/2025 08:04:30.996;;;05;DS24;;5400;2;
4553177549;0;0049;Mibanco;;PEN;1.00;0002;BCP;20/10/2025 08:04:40.109;20/10/2025 08:04:40.898;789;20/10/2025 08:04:40.109;20/10/2025 08:04:40.898;789;20/10/2025 08:04:40.357;20/10/2025 08:04:40.736;379;00;;00;5400;1;
4553178383;0;0049;Mibanco;;PEN;1.00;0002;BCP;20/10/2025 08:04:56.886;20/10/2025 08:05:03.488;6602;20/10/2025 08:04:56.886;20/10/2025 08:05:03.488;6602;20/10/2025 08:04:57.136;20/10/2025 08:05:03.344;6208;00;;00;5400;1;
4553179013;0;0049;Mibanco;;PEN;1.00;0002;BCP;20/10/2025 08:05:07.602;20/10/2025 08:05:08.330;728;20/10/2025 08:05:07.602;20/10/2025 08:05:08.330;728;20/10/2025 08:05:07.980;20/10/2025 08:05:08.169;189;00;;00;5400;1;
4553174963;0;0049;Mibanco;;PEN;1.00;0002;BCP;20/10/2025 08:04:04.329;20/10/2025 08:04:14.658;10329;20/10/2025 08:04:04.329;20/10/2025 08:04:14.658;10329;20/10/2025 08:04:04.485;;;05;DS24;;5400;2;
4553176661;0;0049;Mibanco;;PEN;1.00;0002;BCP;20/10/2025 08:04:25.223;20/10/2025 08:04:25.928;705;20/10/2025 08:04:25.223;20/10/2025 08:04:25.928;705;20/10/2025 08:04:25.372;20/10/2025 08:04:25.660;288;00;;00;5400;1;
4553177256;0;0049;Mibanco;;PEN;1.00;0002;BCP;20/10/2025 08:04:35.595;20/10/2025 08:04:46.080;10485;20/10/2025 08:04:35.595;20/10/2025 08:04:46.080;10485;20/10/2025 08:04:35.843;;;05;DS24;;5400;2;
4553178991;0;0049;Mibanco;;PEN;1.00;0002;BCP;20/10/2025 08:05:06.482;20/10/2025 08:05:07.526;1044;20/10/2025 08:05:06.482;20/10/2025 08:05:07.526;1044;20/10/2025 08:05:06.652;20/10/2025 08:05:07.037;385;00;;00;5400;1;
4553181331;0;0049;Mibanco;;PEN;1.00;0002;BCP;20/10/2025 08:05:35.418;20/10/2025 08:05:36.128;710;20/10/2025 08:05:35.418;20/10/2025 08:05:36.128;710;20/10/2025 08:05:35.611;20/10/2025 08:05:35.874;263;00;;00;5400;1;
4553182796;0;0049;Mibanco;;PEN;1.00;0002;BCP;20/10/2025 08:06:01.127;20/10/2025 08:06:01.775;648;20/10/2025 08:06:01.127;20/10/2025 08:06:01.775;648;20/10/2025 08:06:01.321;20/10/2025 08:06:01.638;317;00;;00;5400;1;
4553181314;0;0049;Mibanco;;PEN;1.00;0002;BCP;20/10/2025 08:05:34.641;20/10/2025 08:05:44.867;10226;20/10/2025 08:05:34.641;20/10/2025 08:05:44.867;10226;20/10/2025 08:05:34.804;;;05;DS24;;5400;2;
4553181873;0;0049;Mibanco;;PEN;1.00;0002;BCP;20/10/2025 08:05:44.433;20/10/2025 08:05:51.056;6623;20/10/2025 08:05:44.433;20/10/2025 08:05:51.056;6623;20/10/2025 08:05:44.556;20/10/2025 08:05:50.886;6330;00;;00;5400;1;
4553182475;0;0049;Mibanco;;PEN;1.00;0002;BCP;20/10/2025 08:05:56.609;20/10/2025 08:05:57.212;603;20/10/2025 08:05:56.609;20/10/2025 08:05:57.212;603;20/10/2025 08:05:56.761;20/10/2025 08:05:57.026;265;00;;00;5400;1;
4553182232;0;0049;Mibanco;;PEN;1.00;0002;BCP;20/10/2025 08:05:52.887;20/10/2025 08:05:53.574;687;20/10/2025 08:05:52.887;20/10/2025 08:05:53.574;687;20/10/2025 08:05:53.131;20/10/2025 08:05:53.371;240;00;;00;5400;1;
4553183117;0;0049;Mibanco;;PEN;1.00;0002;BCP;20/10/2025 08:06:08.647;20/10/2025 08:06:15.184;6537;20/10/2025 08:06:08.647;20/10/2025 08:06:15.184;6537;20/10/2025 08:06:08.826;20/10/2025 08:06:15.041;6215;00;;00;5400;1;
4553183056;0;0049;Mibanco;;PEN;1.00;0002;BCP;20/10/2025 08:06:05.404;20/10/2025 08:06:05.974;570;20/10/2025 08:06:05.404;20/10/2025 08:06:05.974;570;20/10/2025 08:06:05.531;20/10/2025 08:06:05.831;300;00;;00;5400;1;
4553183583;0;0049;Mibanco;;PEN;1.00;0002;BCP;20/10/2025 08:06:14.922;20/10/2025 08:06:25.454;10532;20/10/2025 08:06:14.922;20/10/2025 08:06:25.454;10532;20/10/2025 08:06:15.091;;;05;DS24;;5400;2;
4553185709;0;0049;Mibanco;;PEN;1.00;0002;BCP;20/10/2025 08:06:39.057;20/10/2025 08:06:39.729;672;20/10/2025 08:06:39.057;20/10/2025 08:06:39.729;672;20/10/2025 08:06:39.243;20/10/2025 08:06:39.563;320;00;;00;5400;1;
4553183619;0;0049;Mibanco;;PEN;1.00;0002;BCP;20/10/2025 08:06:16.909;20/10/2025 08:06:23.567;6658;20/10/2025 08:06:16.909;20/10/2025 08:06:23.567;6658;20/10/2025 08:06:17.166;20/10/2025 08:06:23.383;6217;00;;00;5400;1;
4553185718;0;0049;Mibanco;;PEN;1.00;0002;BCP;20/10/2025 08:06:39.600;20/10/2025 08:06:40.255;655;20/10/2025 08:06:39.600;20/10/2025 08:06:40.255;655;20/10/2025 08:06:39.840;20/10/2025 08:06:40.123;283;00;;00;5400;1;
4553185756;0;0049;Mibanco;;PEN;1.00;0002;BCP;20/10/2025 08:06:41.304;20/10/2025 08:06:41.874;570;20/10/2025 08:06:41.304;20/10/2025 08:06:41.874;570;20/10/2025 08:06:41.565;20/10/2025 08:06:41.741;176;00;;00;5400;1;
4553186271;0;0049;Mibanco;;PEN;1.00;0002;BCP;20/10/2025 08:06:49.088;20/10/2025 08:06:49.760;672;20/10/2025 08:06:49.088;20/10/2025 08:06:49.760;672;20/10/2025 08:06:49.251;20/10/2025 08:06:49.539;288;00;;00;5400;1;
4553187188;0;0049;Mibanco;;PEN;1.00;0002;BCP;20/10/2025 08:07:06.312;20/10/2025 08:07:16.556;10244;20/10/2025 08:07:06.312;20/10/2025 08:07:16.556;10244;20/10/2025 08:07:06.449;;;05;DS24;;5400;2;
4553186305;0;0049;Mibanco;;PEN;1.00;0002;BCP;20/10/2025 08:06:50.914;20/10/2025 08:06:51.430;516;20/10/2025 08:06:50.914;20/10/2025 08:06:51.430;516;20/10/2025 08:06:51.051;20/10/2025 08:06:51.277;226;00;;00;5400;1;
4553186589;0;0049;Mibanco;;PEN;1.00;0002;BCP;20/10/2025 08:06:56.019;20/10/2025 08:06:56.700;681;20/10/2025 08:06:56.019;20/10/2025 08:06:56.700;681;20/10/2025 08:06:56.209;20/10/2025 08:06:56.490;281;00;;00;5400;1;
4553186920;0;0049;Mibanco;;PEN;1.00;0002;BCP;20/10/2025 08:07:01.264;20/10/2025 08:07:01.827;563;20/10/2025 08:07:01.264;20/10/2025 08:07:01.827;563;20/10/2025 08:07:01.412;20/10/2025 08:07:01.688;276;00;;00;5400;1;
4553186883;0;0049;Mibanco;;PEN;1.00;0002;BCP;20/10/2025 08:06:59.687;20/10/2025 08:07:06.206;6519;20/10/2025 08:06:59.687;20/10/2025 08:07:06.206;6519;20/10/2025 08:06:59.835;20/10/2025 08:07:06.078;6243;00;;00;5400;1;
4553188462;0;0049;Mibanco;;PEN;1.00;0002;BCP;20/10/2025 08:07:22.210;20/10/2025 08:07:32.456;10246;20/10/2025 08:07:22.210;20/10/2025 08:07:32.456;10246;20/10/2025 08:07:22.371;;;05;DS24;;5400;2;
4553187461;0;0049;Mibanco;;PEN;1.00;0002;BCP;20/10/2025 08:07:11.454;20/10/2025 08:07:12.112;658;20/10/2025 08:07:11.454;20/10/2025 08:07:12.112;658;20/10/2025 08:07:11.652;20/10/2025 08:07:11.966;314;00;;00;5400;1;
4553191668;0;0049;Mibanco;;PEN;1.00;0002;BCP;20/10/2025 08:08:10.390;20/10/2025 08:08:10.997;607;20/10/2025 08:08:10.390;20/10/2025 08:08:10.997;607;20/10/2025 08:08:10.642;20/10/2025 08:08:10.868;226;00;;00;5400;1;
4553188865;0;0049;Mibanco;;PEN;1.00;0002;BCP;20/10/2025 08:07:27.464;20/10/2025 08:07:34.121;6657;20/10/2025 08:07:27.464;20/10/2025 08:07:34.121;6657;20/10/2025 08:07:27.628;20/10/2025 08:07:33.972;6344;00;;00;5400;1;
4553191039;0;0049;Mibanco;;PEN;1.00;0002;BCP;20/10/2025 08:07:59.195;20/10/2025 08:08:09.505;10310;20/10/2025 08:07:59.195;20/10/2025 08:08:09.505;10310;20/10/2025 08:07:59.395;;;05;DS24;;5400;2;
4553191364;0;0049;Mibanco;;PEN;1.00;0002;BCP;20/10/2025 08:08:05.753;20/10/2025 08:08:12.417;6664;20/10/2025 08:08:05.753;20/10/2025 08:08:12.417;6664;20/10/2025 08:08:05.898;20/10/2025 08:08:12.175;6277;00;;00;5400;1;
4553189341;0;0049;Mibanco;;PEN;1.00;0002;BCP;20/10/2025 08:07:32.864;20/10/2025 08:07:39.657;6793;20/10/2025 08:07:32.864;20/10/2025 08:07:39.657;6793;20/10/2025 08:07:33.064;20/10/2025 08:07:39.417;6353;00;;00;5400;1;
4553189919;0;0049;Mibanco;;PEN;1.00;0002;BCP;20/10/2025 08:07:42.371;20/10/2025 08:07:43.279;908;20/10/2025 08:07:42.371;20/10/2025 08:07:43.279;908;20/10/2025 08:07:42.597;20/10/2025 08:07:43.128;531;00;;00;5400;1;
4553192721;0;0049;Mibanco;;PEN;1.00;0002;BCP;20/10/2025 08:08:22.446;20/10/2025 08:08:29.119;6673;20/10/2025 08:08:22.446;20/10/2025 08:08:29.119;6673;20/10/2025 08:08:22.679;20/10/2025 08:08:28.965;6286;00;;00;5400;1;
4553193897;0;0049;Mibanco;;PEN;1.00;0002;BCP;20/10/2025 08:08:38.959;20/10/2025 08:08:49.582;10623;20/10/2025 08:08:38.959;20/10/2025 08:08:49.582;10623;20/10/2025 08:08:39.130;;;05;DS24;;5400;2;
4553192680;0;0049;Mibanco;;PEN;1.00;0002;BCP;20/10/2025 08:08:19.977;20/10/2025 08:08:30.204;10227;20/10/2025 08:08:19.977;20/10/2025 08:08:30.204;10227;20/10/2025 08:08:20.101;;;05;DS24;;5400;2;
4553193123;0;0049;Mibanco;;PEN;1.00;0002;BCP;20/10/2025 08:08:26.594;20/10/2025 08:08:37.222;10628;20/10/2025 08:08:26.594;20/10/2025 08:08:37.222;10628;20/10/2025 08:08:26.849;;;05;DS24;;5400;2;
4553194945;0;0049;Mibanco;;PEN;1.00;0002;BCP;20/10/2025 08:08:55.587;20/10/2025 08:09:06.129;10542;20/10/2025 08:08:55.587;20/10/2025 08:09:06.129;10542;20/10/2025 08:08:55.748;;;05;DS24;;5400;2;
4553194439;0;0049;Mibanco;;PEN;1.00;0002;BCP;20/10/2025 08:08:47.473;20/10/2025 08:08:57.753;10280;20/10/2025 08:08:47.473;20/10/2025 08:08:57.753;10280;20/10/2025 08:08:47.607;;;05;DS24;;5400;2;
4553196103;0;0049;Mibanco;;PEN;1.00;0002;BCP;20/10/2025 08:09:17.353;20/10/2025 08:09:27.828;10475;20/10/2025 08:09:17.353;20/10/2025 08:09:27.828;10475;20/10/2025 08:09:17.507;;;05;DS24;;5400;2;
4553195597;0;0049;Mibanco;;PEN;1.00;0002;BCP;20/10/2025 08:09:08.898;20/10/2025 08:09:15.604;6706;20/10/2025 08:09:08.898;20/10/2025 08:09:15.604;6706;20/10/2025 08:09:09.056;20/10/2025 08:09:15.343;6287;00;;00;5400;1;
4553195525;0;0049;Mibanco;;PEN;1.00;0002;BCP;20/10/2025 08:09:06.129;20/10/2025 08:09:06.682;553;20/10/2025 08:09:06.129;20/10/2025 08:09:06.682;553;20/10/2025 08:09:06.322;20/10/2025 08:09:06.533;211;00;;00;5400;1;
4553198521;0;0049;Mibanco;;PEN;1.00;0002;BCP;20/10/2025 08:09:44.885;20/10/2025 08:09:45.518;633;20/10/2025 08:09:44.885;20/10/2025 08:09:45.518;633;20/10/2025 08:09:45.049;20/10/2025 08:09:45.369;320;00;;00;5400;1;
4553198287;0;0049;Mibanco;;PEN;1.00;0002;BCP;20/10/2025 08:09:42.019;20/10/2025 08:09:52.222;10203;20/10/2025 08:09:42.019;20/10/2025 08:09:52.222;10203;20/10/2025 08:09:42.167;;;05;DS24;;5400;2;
4553197464;0;0049;Mibanco;;PEN;1.00;0002;BCP;20/10/2025 08:09:31.112;20/10/2025 08:09:31.677;565;20/10/2025 08:09:31.112;20/10/2025 08:09:31.677;565;20/10/2025 08:09:31.273;20/10/2025 08:09:31.469;196;00;;00;5400;1;
4553223812;0;0049;Mibanco;;PEN;1.00;0002;BCP;20/10/2025 08:15:49.643;20/10/2025 08:15:50.235;592;20/10/2025 08:15:49.643;20/10/2025 08:15:50.235;592;20/10/2025 08:15:49.814;20/10/2025 08:15:50.075;261;00;;00;5400;1;
4553223752;0;0049;Mibanco;;PEN;1.00;0002;BCP;20/10/2025 08:15:49.008;20/10/2025 08:15:49.564;556;20/10/2025 08:15:49.008;20/10/2025 08:15:49.564;556;20/10/2025 08:15:49.173;20/10/2025 08:15:49.438;265;00;;00;5400;1;
4553198575;0;0049;Mibanco;;PEN;1.00;0002;BCP;20/10/2025 08:09:47.213;20/10/2025 08:09:47.735;522;20/10/2025 08:09:47.213;20/10/2025 08:09:47.735;522;20/10/2025 08:09:47.369;20/10/2025 08:09:47.549;180;00;;00;5400;1;
4553224121;0;0049;Mibanco;;PEN;1.00;0002;BCP;20/10/2025 08:15:54.187;20/10/2025 08:16:00.802;6615;20/10/2025 08:15:54.187;20/10/2025 08:16:00.802;6615;20/10/2025 08:15:54.329;20/10/2025 08:16:00.643;6314;00;;00;5400;1;
4553225437;0;0049;Mibanco;;PEN;1.00;0002;BCP;20/10/2025 08:16:17.690;20/10/2025 08:16:24.214;6524;20/10/2025 08:16:17.690;20/10/2025 08:16:24.214;6524;20/10/2025 08:16:17.831;20/10/2025 08:16:24.077;6246;00;;00;5400;1;
4553224496;0;0049;Mibanco;;PEN;1.00;0002;BCP;20/10/2025 08:16:00.959;20/10/2025 08:16:01.581;622;20/10/2025 08:16:00.959;20/10/2025 08:16:01.581;622;20/10/2025 08:16:01.119;20/10/2025 08:16:01.387;268;00;;00;5400;1;
4553224821;0;0049;Mibanco;;PEN;1.00;0002;BCP;20/10/2025 08:16:07.280;20/10/2025 08:16:17.670;10390;20/10/2025 08:16:07.280;20/10/2025 08:16:17.670;10390;20/10/2025 08:16:07.469;;;05;DS24;;5400;2;
4553226792;0;0049;Mibanco;;PEN;1.00;0002;BCP;20/10/2025 08:16:29.632;20/10/2025 08:16:30.250;618;20/10/2025 08:16:29.632;20/10/2025 08:16:30.250;618;20/10/2025 08:16:29.799;20/10/2025 08:16:30.084;285;00;;00;5400;1;
4553225446;0;0049;Mibanco;;PEN;1.00;0002;BCP;20/10/2025 08:16:18.068;20/10/2025 08:16:18.681;613;20/10/2025 08:16:18.068;20/10/2025 08:16:18.681;613;20/10/2025 08:16:18.330;20/10/2025 08:16:18.536;206;00;;00;5400;1;
4553226785;0;0049;Mibanco;;PEN;1.00;0002;BCP;20/10/2025 08:16:29.183;20/10/2025 08:16:39.562;10379;20/10/2025 08:16:29.183;20/10/2025 08:16:39.562;10379;20/10/2025 08:16:29.421;;;05;DS24;;5400;2;
4553229224;0;0049;Mibanco;;PEN;1.00;0002;BCP;20/10/2025 08:17:06.395;20/10/2025 08:17:06.935;540;20/10/2025 08:17:06.395;20/10/2025 08:17:06.935;540;20/10/2025 08:17:06.528;20/10/2025 08:17:06.751;223;00;;00;5400;1;
4553228314;0;0049;Mibanco;;PEN;1.00;0002;BCP;20/10/2025 08:16:52.418;20/10/2025 08:16:59.164;6746;20/10/2025 08:16:52.418;20/10/2025 08:16:59.164;6746;20/10/2025 08:16:52.690;20/10/2025 08:16:58.979;6289;00;;00;5400;1;
4553227157;0;0049;Mibanco;;PEN;1.00;0002;BCP;20/10/2025 08:16:34.703;20/10/2025 08:16:35.295;592;20/10/2025 08:16:34.703;20/10/2025 08:16:35.295;592;20/10/2025 08:16:34.849;20/10/2025 08:16:35.174;325;00;;00;5400;1;
4553228593;0;0049;Mibanco;;PEN;1.00;0002;BCP;20/10/2025 08:16:57.146;20/10/2025 08:17:07.605;10459;20/10/2025 08:16:57.146;20/10/2025 08:17:07.605;10459;20/10/2025 08:16:57.332;;;05;DS24;;5400;2;
4553229872;0;0049;Mibanco;;PEN;1.00;0002;BCP;20/10/2025 08:17:18.126;20/10/2025 08:17:18.682;556;20/10/2025 08:17:18.126;20/10/2025 08:17:18.682;556;20/10/2025 08:17:18.267;20/10/2025 08:17:18.461;194;00;;00;5400;1;
4553229485;0;0049;Mibanco;;PEN;1.00;0002;BCP;20/10/2025 08:17:09.627;20/10/2025 08:17:10.281;654;20/10/2025 08:17:09.627;20/10/2025 08:17:10.281;654;20/10/2025 08:17:09.882;20/10/2025 08:17:10.146;264;00;;00;5400;1;
4553231176;0;0049;Mibanco;;PEN;1.00;0002;BCP;20/10/2025 08:17:29.098;20/10/2025 08:17:39.695;10597;20/10/2025 08:17:29.098;20/10/2025 08:17:39.695;10597;20/10/2025 08:17:29.326;;;05;DS24;;5400;2;
4553230293;0;0049;Mibanco;;PEN;1.00;0002;BCP;20/10/2025 08:17:23.449;20/10/2025 08:17:24.093;644;20/10/2025 08:17:23.449;20/10/2025 08:17:24.093;644;20/10/2025 08:17:23.714;20/10/2025 08:17:23.972;258;00;;00;5400;1;
4553231873;0;0049;Mibanco;;PEN;1.00;0002;BCP;20/10/2025 08:17:40.539;20/10/2025 08:17:50.854;10315;20/10/2025 08:17:40.539;20/10/2025 08:17:50.854;10315;20/10/2025 08:17:40.766;;;05;DS24;;5400;2;
4553231563;0;0049;Mibanco;;PEN;1.00;0002;BCP;20/10/2025 08:17:34.929;20/10/2025 08:17:45.207;10278;20/10/2025 08:17:34.929;20/10/2025 08:17:45.207;10278;20/10/2025 08:17:35.164;;;05;DS24;;5400;2;
4553233352;0;0049;Mibanco;;PEN;1.00;0002;BCP;20/10/2025 08:18:00.684;20/10/2025 08:18:07.321;6637;20/10/2025 08:18:00.684;20/10/2025 08:18:07.321;6637;20/10/2025 08:18:00.950;20/10/2025 08:18:07.174;6224;00;;00;5400;1;
4553232695;0;0049;Mibanco;;PEN;1.00;0002;BCP;20/10/2025 08:17:50.334;20/10/2025 08:17:50.929;595;20/10/2025 08:17:50.334;20/10/2025 08:17:50.929;595;20/10/2025 08:17:50.484;20/10/2025 08:17:50.736;252;00;;00;5400;1;
4553233000;0;0049;Mibanco;;PEN;1.00;0002;BCP;20/10/2025 08:17:55.671;20/10/2025 08:18:02.303;6632;20/10/2025 08:17:55.671;20/10/2025 08:18:02.303;6632;20/10/2025 08:17:55.926;20/10/2025 08:18:02.174;6248;00;;00;5400;1;
4553233739;0;0049;Mibanco;;PEN;1.00;0002;BCP;20/10/2025 08:18:07.105;20/10/2025 08:18:13.895;6790;20/10/2025 08:18:07.105;20/10/2025 08:18:13.895;6790;20/10/2025 08:18:07.241;20/10/2025 08:18:13.640;6399;00;;00;5400;1;
4553234446;0;0049;Mibanco;;PEN;1.00;0002;BCP;20/10/2025 08:18:17.551;20/10/2025 08:18:24.090;6539;20/10/2025 08:18:17.551;20/10/2025 08:18:24.090;6539;20/10/2025 08:18:17.726;20/10/2025 08:18:23.951;6225;00;;00;5400;1;
4553236564;0;0049;Mibanco;;PEN;1.00;0002;BCP;20/10/2025 08:18:43.897;20/10/2025 08:18:44.344;447;20/10/2025 08:18:43.897;20/10/2025 08:18:44.344;447;20/10/2025 08:18:44.036;20/10/2025 08:18:44.202;166;00;;00;5400;1;
4553235349;0;0049;Mibanco;;PEN;1.00;0002;BCP;20/10/2025 08:18:26.405;20/10/2025 08:18:26.968;563;20/10/2025 08:18:26.405;20/10/2025 08:18:26.968;563;20/10/2025 08:18:26.518;20/10/2025 08:18:26.747;229;00;;00;5400;1;
4553236222;0;0049;Mibanco;;PEN;1.00;0002;BCP;20/10/2025 08:18:36.923;20/10/2025 08:18:37.567;644;20/10/2025 08:18:36.923;20/10/2025 08:18:37.567;644;20/10/2025 08:18:37.155;20/10/2025 08:18:37.422;267;00;;00;5400;1;
4553234888;0;0049;Mibanco;;PEN;1.00;0002;BCP;20/10/2025 08:18:23.978;20/10/2025 08:18:34.290;10312;20/10/2025 08:18:23.978;20/10/2025 08:18:34.290;10312;20/10/2025 08:18:24.196;;;05;DS24;;5400;2;
4553235871;0;0049;Mibanco;;PEN;1.00;0002;BCP;20/10/2025 08:18:33.319;20/10/2025 08:18:33.986;667;20/10/2025 08:18:33.319;20/10/2025 08:18:33.986;667;20/10/2025 08:18:33.483;20/10/2025 08:18:33.738;255;00;;00;5400;1;
4553237289;0;0049;Mibanco;;PEN;1.00;0002;BCP;20/10/2025 08:18:49.210;20/10/2025 08:18:49.892;682;20/10/2025 08:18:49.210;20/10/2025 08:18:49.892;682;20/10/2025 08:18:49.367;20/10/2025 08:18:49.727;360;00;;00;5400;1;
4553237610;0;0049;Mibanco;;PEN;1.00;0002;BCP;20/10/2025 08:18:54.089;20/10/2025 08:19:04.514;10425;20/10/2025 08:18:54.089;20/10/2025 08:19:04.514;10425;20/10/2025 08:18:54.244;;;05;DS24;;5400;2;
4553237367;0;0049;Mibanco;;PEN;1.00;0002;BCP;20/10/2025 08:18:52.433;20/10/2025 08:18:53.441;1008;20/10/2025 08:18:52.433;20/10/2025 08:18:53.441;1008;20/10/2025 08:18:52.666;20/10/2025 08:18:53.296;630;00;;00;5400;1;
4553238344;0;0049;Mibanco;;PEN;1.00;0002;BCP;20/10/2025 08:19:08.381;20/10/2025 08:19:15.167;6786;20/10/2025 08:19:08.381;20/10/2025 08:19:15.167;6786;20/10/2025 08:19:08.526;20/10/2025 08:19:14.946;6420;00;;00;5400;1;
4553237946;0;0049;Mibanco;;PEN;1.00;0002;BCP;20/10/2025 08:19:01.097;20/10/2025 08:19:11.365;10268;20/10/2025 08:19:01.097;20/10/2025 08:19:11.365;10268;20/10/2025 08:19:01.239;;;05;DS24;;5400;2;
4553238849;0;0049;Mibanco;;PEN;1.00;0002;BCP;20/10/2025 08:19:14.784;20/10/2025 08:19:25.361;10577;20/10/2025 08:19:14.784;20/10/2025 08:19:25.361;10577;20/10/2025 08:19:15.050;;;05;DS24;;5400;2;
4553239565;0;0049;Mibanco;;PEN;1.00;0002;BCP;20/10/2025 08:19:24.967;20/10/2025 08:19:35.562;10595;20/10/2025 08:19:24.967;20/10/2025 08:19:35.562;10595;20/10/2025 08:19:25.096;;;05;DS24;;5400;2;
4553240749;0;0049;Mibanco;;PEN;1.00;0002;BCP;20/10/2025 08:19:38.757;20/10/2025 08:19:39.497;740;20/10/2025 08:19:38.757;20/10/2025 08:19:39.497;740;20/10/2025 08:19:38.929;20/10/2025 08:19:39.318;389;00;;00;5400;1;
4553239624;0;0049;Mibanco;;PEN;1.00;0002;BCP;20/10/2025 08:19:27.187;20/10/2025 08:19:27.862;675;20/10/2025 08:19:27.187;20/10/2025 08:19:27.862;675;20/10/2025 08:19:27.413;20/10/2025 08:19:27.731;318;00;;00;5400;1;
4553240652;0;0049;Mibanco;;PEN;1.00;0002;BCP;20/10/2025 08:19:35.790;20/10/2025 08:19:36.357;567;20/10/2025 08:19:35.790;20/10/2025 08:19:36.357;567;20/10/2025 08:19:35.919;20/10/2025 08:19:36.228;309;00;;00;5400;1;
4553243200;0;0049;Mibanco;;PEN;1.00;0002;BCP;20/10/2025 08:20:11.806;20/10/2025 08:20:22.134;10328;20/10/2025 08:20:11.806;20/10/2025 08:20:22.134;10328;20/10/2025 08:20:11.961;;;05;DS24;;5400;2;
4553242152;0;0049;Mibanco;;PEN;1.00;0002;BCP;20/10/2025 08:19:55.335;20/10/2025 08:19:56.051;716;20/10/2025 08:19:55.335;20/10/2025 08:19:56.051;716;20/10/2025 08:19:55.558;20/10/2025 08:19:55.870;312;00;;00;5400;1;
4553246354;0;0049;Mibanco;;PEN;1.00;0002;BCP;20/10/2025 08:20:49.568;20/10/2025 08:21:00.081;10513;20/10/2025 08:20:49.568;20/10/2025 08:21:00.081;10513;20/10/2025 08:20:49.735;;;05;DS24;;5400;2;
4553244189;0;0049;Mibanco;;PEN;1.00;0002;BCP;20/10/2025 08:20:25.569;20/10/2025 08:20:36.158;10589;20/10/2025 08:20:25.569;20/10/2025 08:20:36.158;10589;20/10/2025 08:20:25.729;;;05;DS24;;5400;2;
4553245542;0;0049;Mibanco;;PEN;1.00;0002;BCP;20/10/2025 08:20:39.125;20/10/2025 08:20:45.767;6642;20/10/2025 08:20:39.125;20/10/2025 08:20:45.767;6642;20/10/2025 08:20:39.367;20/10/2025 08:20:45.604;6237;00;;00;5400;1;
4553243937;0;0049;Mibanco;;PEN;1.00;0002;BCP;20/10/2025 08:20:22.560;20/10/2025 08:20:29.166;6606;20/10/2025 08:20:22.560;20/10/2025 08:20:29.166;6606;20/10/2025 08:20:22.813;20/10/2025 08:20:29.017;6204;00;;00;5400;1;
4553246759;0;0049;Mibanco;;PEN;1.00;0002;BCP;20/10/2025 08:20:56.168;20/10/2025 08:20:56.838;670;20/10/2025 08:20:56.168;20/10/2025 08:20:56.838;670;20/10/2025 08:20:56.307;20/10/2025 08:20:56.690;383;00;;00;5400;1;
4553246372;0;0049;Mibanco;;PEN;1.00;0002;BCP;20/10/2025 08:20:50.302;20/10/2025 08:20:50.795;493;20/10/2025 08:20:50.302;20/10/2025 08:20:50.795;493;20/10/2025 08:20:50.414;20/10/2025 08:20:50.590;176;00;;00;5400;1;
4553250534;0;0049;Mibanco;;PEN;1.00;0002;BCP;20/10/2025 08:21:46.884;20/10/2025 08:21:48.057;1173;20/10/2025 08:21:46.884;20/10/2025 08:21:48.057;1173;20/10/2025 08:21:47.119;20/10/2025 08:21:47.933;814;00;;00;5400;1;
4553247490;0;0049;Mibanco;;PEN;1.00;0002;BCP;20/10/2025 08:21:07.341;20/10/2025 08:21:13.929;6588;20/10/2025 08:21:07.341;20/10/2025 08:21:13.929;6588;20/10/2025 08:21:07.488;20/10/2025 08:21:13.787;6299;00;;00;5400;1;
4553247807;0;0049;Mibanco;;PEN;1.00;0002;BCP;20/10/2025 08:21:12.566;20/10/2025 08:21:22.774;10208;20/10/2025 08:21:12.566;20/10/2025 08:21:22.774;10208;20/10/2025 08:21:12.728;;;05;DS24;;5400;2;
4553248768;0;0049;Mibanco;;PEN;1.00;0002;BCP;20/10/2025 08:21:24.238;20/10/2025 08:21:31.018;6780;20/10/2025 08:21:24.238;20/10/2025 08:21:31.018;6780;20/10/2025 08:21:24.477;20/10/2025 08:21:30.850;6373;00;;00;5400;1;
4553247078;0;0049;Mibanco;;PEN;1.00;0002;BCP;20/10/2025 08:21:01.029;20/10/2025 08:21:01.694;665;20/10/2025 08:21:01.029;20/10/2025 08:21:01.694;665;20/10/2025 08:21:01.234;20/10/2025 08:21:01.554;320;00;;00;5400;1;
4553249836;0;0049;Mibanco;;PEN;1.00;0002;BCP;20/10/2025 08:21:34.121;20/10/2025 08:21:34.801;680;20/10/2025 08:21:34.121;20/10/2025 08:21:34.801;680;20/10/2025 08:21:34.294;20/10/2025 08:21:34.644;350;00;;00;5400;1;
4553250467;0;0049;Mibanco;;PEN;1.00;0002;BCP;20/10/2025 08:21:44.156;20/10/2025 08:21:44.785;629;20/10/2025 08:21:44.156;20/10/2025 08:21:44.785;629;20/10/2025 08:21:44.320;20/10/2025 08:21:44.640;320;00;;00;5400;1;
4553251988;0;0049;Mibanco;;PEN;1.00;0002;BCP;20/10/2025 08:22:04.450;20/10/2025 08:22:14.732;10282;20/10/2025 08:22:04.450;20/10/2025 08:22:14.732;10282;20/10/2025 08:22:04.660;;;05;DS24;;5400;2;
4553251374;0;0049;Mibanco;;PEN;1.00;0002;BCP;20/10/2025 08:21:55.691;20/10/2025 08:22:02.397;6706;20/10/2025 08:21:55.691;20/10/2025 08:22:02.397;6706;20/10/2025 08:21:55.923;20/10/2025 08:22:02.244;6321;00;;00;5400;1;
4553251649;0;0049;Mibanco;;PEN;1.00;0002;BCP;20/10/2025 08:22:00.713;20/10/2025 08:22:01.748;1035;20/10/2025 08:22:00.713;20/10/2025 08:22:01.748;1035;20/10/2025 08:22:01.318;20/10/2025 08:22:01.558;240;00;;00;5400;1;
4553253120;0;0049;Mibanco;;PEN;1.00;0002;BCP;20/10/2025 08:22:22.515;20/10/2025 08:22:29.285;6770;20/10/2025 08:22:22.515;20/10/2025 08:22:29.285;6770;20/10/2025 08:22:22.714;20/10/2025 08:22:29.066;6352;00;;00;5400;1;
4553252357;0;0049;Mibanco;;PEN;1.00;0002;BCP;20/10/2025 08:22:11.834;20/10/2025 08:22:12.306;472;20/10/2025 08:22:11.834;20/10/2025 08:22:12.306;472;20/10/2025 08:22:11.935;20/10/2025 08:22:12.137;202;00;;00;5400;1;
4553253152;0;0049;Mibanco;;PEN;1.00;0002;BCP;20/10/2025 08:22:23.677;20/10/2025 08:22:24.362;685;20/10/2025 08:22:23.677;20/10/2025 08:22:24.362;685;20/10/2025 08:22:23.852;20/10/2025 08:22:24.165;313;00;;00;5400;1;
4553252343;0;0049;Mibanco;;PEN;1.00;0002;BCP;20/10/2025 08:22:11.525;20/10/2025 08:22:12.086;561;20/10/2025 08:22:11.525;20/10/2025 08:22:12.086;561;20/10/2025 08:22:11.690;20/10/2025 08:22:11.935;245;00;;00;5400;1;
4553253471;0;0049;Mibanco;;PEN;1.00;0002;BCP;20/10/2025 08:22:28.395;20/10/2025 08:22:35.012;6617;20/10/2025 08:22:28.395;20/10/2025 08:22:35.012;6617;20/10/2025 08:22:28.606;20/10/2025 08:22:34.871;6265;00;;00;5400;1;
4553256718;0;0049;Mibanco;;PEN;1.00;0002;BCP;20/10/2025 08:23:07.047;20/10/2025 08:23:13.666;6619;20/10/2025 08:23:07.047;20/10/2025 08:23:13.666;6619;20/10/2025 08:23:07.171;20/10/2025 08:23:13.441;6270;00;;00;5400;1;
4553255128;0;0049;Mibanco;;PEN;1.00;0002;BCP;20/10/2025 08:22:46.770;20/10/2025 08:22:47.333;563;20/10/2025 08:22:46.770;20/10/2025 08:22:47.333;563;20/10/2025 08:22:46.923;20/10/2025 08:22:47.207;284;00;;00;5400;1;
4553255970;0;0049;Mibanco;;PEN;1.00;0002;BCP;20/10/2025 08:22:56.170;20/10/2025 08:22:56.893;723;20/10/2025 08:22:56.170;20/10/2025 08:22:56.893;723;20/10/2025 08:22:56.347;20/10/2025 08:22:56.735;388;00;;00;5400;1;
4553254453;0;0049;Mibanco;;PEN;1.00;0002;BCP;20/10/2025 08:22:34.871;20/10/2025 08:22:35.572;701;20/10/2025 08:22:34.871;20/10/2025 08:22:35.572;701;20/10/2025 08:22:34.980;20/10/2025 08:22:35.443;463;00;;00;5400;1;
4553255094;0;0049;Mibanco;;PEN;1.00;0002;BCP;20/10/2025 08:22:45.566;20/10/2025 08:22:46.321;755;20/10/2025 08:22:45.566;20/10/2025 08:22:46.321;755;20/10/2025 08:22:45.727;20/10/2025 08:22:46.162;435;00;;00;5400;1;
4553257082;0;0049;Mibanco;;PEN;1.00;0002;BCP;20/10/2025 08:23:12.336;20/10/2025 08:23:13.248;912;20/10/2025 08:23:12.336;20/10/2025 08:23:13.248;912;20/10/2025 08:23:12.479;20/10/2025 08:23:13.036;557;00;;00;5400;1;
4553256755;0;0049;Mibanco;;PEN;1.00;0002;BCP;20/10/2025 08:23:08.177;20/10/2025 08:23:08.695;518;20/10/2025 08:23:08.177;20/10/2025 08:23:08.695;518;20/10/2025 08:23:08.328;20/10/2025 08:23:08.536;208;00;;00;5400;1;
4553257770;0;0049;Mibanco;;PEN;1.00;0002;BCP;20/10/2025 08:23:19.387;20/10/2025 08:23:25.946;6559;20/10/2025 08:23:19.387;20/10/2025 08:23:25.946;6559;20/10/2025 08:23:19.528;20/10/2025 08:23:25.814;6286;00;;00;5400;1;
4553259286;0;0049;Mibanco;;PEN;1.00;0002;BCP;20/10/2025 08:23:38.454;20/10/2025 08:23:39.202;748;20/10/2025 08:23:38.454;20/10/2025 08:23:39.202;748;20/10/2025 08:23:38.649;20/10/2025 08:23:39.042;393;00;;00;5400;1;
4553258095;0;0049;Mibanco;;PEN;1.00;0002;BCP;20/10/2025 08:23:24.536;20/10/2025 08:23:25.067;531;20/10/2025 08:23:24.536;20/10/2025 08:23:25.067;531;20/10/2025 08:23:24.675;20/10/2025 08:23:24.919;244;00;;00;5400;1;
4553259231;0;0049;Mibanco;;PEN;1.00;0002;BCP;20/10/2025 08:23:36.635;20/10/2025 08:23:46.935;10300;20/10/2025 08:23:36.635;20/10/2025 08:23:46.935;10300;20/10/2025 08:23:36.892;;;05;DS24;;5400;2;
4553260946;0;0049;Mibanco;;PEN;1.00;0002;BCP;20/10/2025 08:23:59.005;20/10/2025 08:23:59.655;650;20/10/2025 08:23:59.005;20/10/2025 08:23:59.655;650;20/10/2025 08:23:59.134;20/10/2025 08:23:59.434;300;00;;00;5400;1;
4553259546;0;0049;Mibanco;;PEN;1.00;0002;BCP;20/10/2025 08:23:41.930;20/10/2025 08:23:42.493;563;20/10/2025 08:23:41.930;20/10/2025 08:23:42.493;563;20/10/2025 08:23:42.087;20/10/2025 08:23:42.340;253;00;;00;5400;1;
4553260301;0;0049;Mibanco;;PEN;1.00;0002;BCP;20/10/2025 08:23:49.314;20/10/2025 08:23:55.896;6582;20/10/2025 08:23:49.314;20/10/2025 08:23:55.896;6582;20/10/2025 08:23:49.449;20/10/2025 08:23:55.666;6217;00;;00;5400;1;
4553262286;0;0049;Mibanco;;PEN;1.00;0002;BCP;20/10/2025 08:24:27.337;20/10/2025 08:24:28.167;830;20/10/2025 08:24:27.337;20/10/2025 08:24:28.167;830;20/10/2025 08:24:27.618;20/10/2025 08:24:27.973;355;00;;00;5400;1;
4553262081;0;0049;Mibanco;;PEN;1.00;0002;BCP;20/10/2025 08:24:20.090;20/10/2025 08:24:26.775;6685;20/10/2025 08:24:20.090;20/10/2025 08:24:26.775;6685;20/10/2025 08:24:20.249;20/10/2025 08:24:26.510;6261;00;;00;5400;1;
4553261547;0;0049;Mibanco;;PEN;1.00;0002;BCP;20/10/2025 08:24:09.411;20/10/2025 08:24:10.106;695;20/10/2025 08:24:09.411;20/10/2025 08:24:10.106;695;20/10/2025 08:24:09.566;20/10/2025 08:24:09.843;277;00;;00;5400;1;
4553263171;0;0049;Mibanco;;PEN;1.00;0002;BCP;20/10/2025 08:24:37.408;20/10/2025 08:24:38.054;646;20/10/2025 08:24:37.408;20/10/2025 08:24:38.054;646;20/10/2025 08:24:37.567;20/10/2025 08:24:37.811;244;00;;00;5400;1;
4553262290;0;0049;Mibanco;;PEN;1.00;0002;BCP;20/10/2025 08:24:27.736;20/10/2025 08:24:34.496;6760;20/10/2025 08:24:27.736;20/10/2025 08:24:34.496;6760;20/10/2025 08:24:27.973;20/10/2025 08:24:34.256;6283;00;;00;5400;1;
4553264246;0;0049;Mibanco;;PEN;1.00;0002;BCP;20/10/2025 08:24:54.523;20/10/2025 08:24:55.324;801;20/10/2025 08:24:54.523;20/10/2025 08:24:55.324;801;20/10/2025 08:24:54.779;20/10/2025 08:24:55.076;297;00;;00;5400;1;
4553263595;0;0049;Mibanco;;PEN;1.00;0002;BCP;20/10/2025 08:24:47.864;20/10/2025 08:24:48.576;712;20/10/2025 08:24:47.864;20/10/2025 08:24:48.576;712;20/10/2025 08:24:48.004;20/10/2025 08:24:48.342;338;00;;00;5400;1;
4553263379;0;0049;Mibanco;;PEN;1.00;0002;BCP;20/10/2025 08:24:43.605;20/10/2025 08:24:44.255;650;20/10/2025 08:24:43.605;20/10/2025 08:24:44.255;650;20/10/2025 08:24:43.758;20/10/2025 08:24:44.102;344;00;;00;5400;1;
4553264794;0;0049;Mibanco;;PEN;1.00;0002;BCP;20/10/2025 08:25:07.046;20/10/2025 08:25:08.483;1437;20/10/2025 08:25:07.046;20/10/2025 08:25:08.483;1437;20/10/2025 08:25:08.017;20/10/2025 08:25:08.244;227;00;;00;5400;1;
4553265555;0;0049;Mibanco;;PEN;1.00;0002;BCP;20/10/2025 08:25:20.375;20/10/2025 08:25:30.658;10283;20/10/2025 08:25:20.375;20/10/2025 08:25:30.658;10283;20/10/2025 08:25:20.591;;;05;DS24;;5400;2;
4553265028;0;0049;Mibanco;;PEN;1.00;0002;BCP;20/10/2025 08:25:13.284;20/10/2025 08:25:13.873;589;20/10/2025 08:25:13.284;20/10/2025 08:25:13.873;589;20/10/2025 08:25:13.451;20/10/2025 08:25:13.742;291;00;;00;5400;1;
4553266901;0;0049;Mibanco;;PEN;1.00;0002;BCP;20/10/2025 08:25:39.529;20/10/2025 08:25:50.186;10657;20/10/2025 08:25:39.529;20/10/2025 08:25:50.186;10657;20/10/2025 08:25:39.779;;;05;DS24;;5400;2;
4553266424;0;0049;Mibanco;;PEN;1.00;0002;BCP;20/10/2025 08:25:33.594;20/10/2025 08:25:40.506;6912;20/10/2025 08:25:33.594;20/10/2025 08:25:40.506;6912;20/10/2025 08:25:33.749;20/10/2025 08:25:40.242;6493;00;;00;5400;1;
4553268035;0;0049;Mibanco;;PEN;1.00;0002;BCP;20/10/2025 08:26:00.253;20/10/2025 08:26:10.727;10474;20/10/2025 08:26:00.253;20/10/2025 08:26:10.727;10474;20/10/2025 08:26:00.496;;;05;DS24;;5400;2;
4553266920;0;0049;Mibanco;;PEN;1.00;0002;BCP;20/10/2025 08:25:41.667;20/10/2025 08:25:52.332;10665;20/10/2025 08:25:41.667;20/10/2025 08:25:52.332;10665;20/10/2025 08:25:41.899;;;05;DS24;;5400;2;
4553267836;0;0049;Mibanco;;PEN;1.00;0002;BCP;20/10/2025 08:25:56.267;20/10/2025 08:26:06.714;10447;20/10/2025 08:25:56.267;20/10/2025 08:26:06.714;10447;20/10/2025 08:25:56.416;;;05;DS24;;5400;2;
4553268704;0;0049;Mibanco;;PEN;1.00;0002;BCP;20/10/2025 08:26:17.949;20/10/2025 08:26:18.696;747;20/10/2025 08:26:17.949;20/10/2025 08:26:18.696;747;20/10/2025 08:26:18.222;20/10/2025 08:26:18.546;324;00;;00;5400;1;
4553269222;0;0049;Mibanco;;PEN;1.00;0002;BCP;20/10/2025 08:26:28.488;20/10/2025 08:26:29.221;733;20/10/2025 08:26:28.488;20/10/2025 08:26:29.221;733;20/10/2025 08:26:28.658;20/10/2025 08:26:28.971;313;00;;00;5400;1;
4553268303;0;0049;Mibanco;;PEN;1.00;0002;BCP;20/10/2025 08:26:07.995;20/10/2025 08:26:08.736;741;20/10/2025 08:26:07.995;20/10/2025 08:26:08.736;741;20/10/2025 08:26:08.141;20/10/2025 08:26:08.474;333;00;;00;5400;1;
4553269020;0;0049;Mibanco;;PEN;1.00;0002;BCP;20/10/2025 08:26:21.482;20/10/2025 08:26:31.782;10300;20/10/2025 08:26:21.482;20/10/2025 08:26:31.782;10300;20/10/2025 08:26:21.630;;;05;DS24;;5400;2;
4553271105;0;0049;Mibanco;;PEN;1.00;0002;BCP;20/10/2025 08:26:55.275;20/10/2025 08:27:02.049;6774;20/10/2025 08:26:55.275;20/10/2025 08:27:02.049;6774;20/10/2025 08:26:55.445;20/10/2025 08:27:01.781;6336;00;;00;5400;1;
4553269599;0;0049;Mibanco;;PEN;1.00;0002;BCP;20/10/2025 08:26:31.243;20/10/2025 08:26:41.793;10550;20/10/2025 08:26:31.243;20/10/2025 08:26:41.793;10550;20/10/2025 08:26:31.405;;;05;DS24;;5400;2;
4553270090;0;0049;Mibanco;;PEN;1.00;0002;BCP;20/10/2025 08:26:38.323;20/10/2025 08:26:48.802;10479;20/10/2025 08:26:38.323;20/10/2025 08:26:48.802;10479;20/10/2025 08:26:38.500;;;05;DS24;;5400;2;
4553271985;0;0049;Mibanco;;PEN;1.00;0002;BCP;20/10/2025 08:27:15.532;20/10/2025 08:27:25.848;10316;20/10/2025 08:27:15.532;20/10/2025 08:27:25.848;10316;20/10/2025 08:27:15.765;;;05;DS24;;5400;2;
4553271565;0;0049;Mibanco;;PEN;1.00;0002;BCP;20/10/2025 08:27:07.229;20/10/2025 08:27:17.806;10577;20/10/2025 08:27:07.229;20/10/2025 08:27:17.806;10577;20/10/2025 08:27:07.404;;;05;DS24;;5400;2;
4553271109;0;0049;Mibanco;;PEN;1.00;0002;BCP;20/10/2025 08:26:57.859;20/10/2025 08:27:04.680;6821;20/10/2025 08:26:57.859;20/10/2025 08:27:04.680;6821;20/10/2025 08:26:58.111;20/10/2025 08:27:04.547;6436;00;;00;5400;1;
4553272592;0;0049;Mibanco;;PEN;1.00;0002;BCP;20/10/2025 08:27:28.345;20/10/2025 08:27:38.904;10559;20/10/2025 08:27:28.345;20/10/2025 08:27:38.904;10559;20/10/2025 08:27:28.588;;;05;DS24;;5400;2;
4553272013;0;0049;Mibanco;;PEN;1.00;0002;BCP;20/10/2025 08:27:17.096;20/10/2025 08:27:27.519;10423;20/10/2025 08:27:17.096;20/10/2025 08:27:27.519;10423;20/10/2025 08:27:17.290;;;05;DS24;;5400;2;
4553274609;0;0049;Mibanco;;PEN;1.00;0002;BCP;20/10/2025 08:27:55.030;20/10/2025 08:27:55.817;787;20/10/2025 08:27:55.030;20/10/2025 08:27:55.817;787;20/10/2025 08:27:55.223;20/10/2025 08:27:55.640;417;00;;00;5400;1;
4553273436;0;0049;Mibanco;;PEN;1.00;0002;BCP;20/10/2025 08:27:36.334;20/10/2025 08:27:46.919;10585;20/10/2025 08:27:36.334;20/10/2025 08:27:46.919;10585;20/10/2025 08:27:36.509;;;05;DS24;;5400;2;
4553274317;0;0049;Mibanco;;PEN;1.00;0002;BCP;20/10/2025 08:27:49.127;20/10/2025 08:27:59.441;10314;20/10/2025 08:27:49.127;20/10/2025 08:27:59.441;10314;20/10/2025 08:27:49.334;;;05;DS24;;5400;2;
4553273462;0;0049;Mibanco;;PEN;1.00;0002;BCP;20/10/2025 08:27:38.038;20/10/2025 08:27:38.771;733;20/10/2025 08:27:38.038;20/10/2025 08:27:38.771;733;20/10/2025 08:27:38.206;20/10/2025 08:27:38.634;428;00;;00;5400;1;
4553275739;0;0049;Mibanco;;PEN;1.00;0002;BCP;20/10/2025 08:28:15.575;20/10/2025 08:28:22.250;6675;20/10/2025 08:28:15.575;20/10/2025 08:28:22.250;6675;20/10/2025 08:28:15.797;20/10/2025 08:28:21.982;6185;00;;00;5400;1;
4553276058;0;0049;Mibanco;;PEN;1.00;0002;BCP;20/10/2025 08:28:20.465;20/10/2025 08:28:21.267;802;20/10/2025 08:28:20.465;20/10/2025 08:28:21.267;802;20/10/2025 08:28:20.648;20/10/2025 08:28:21.051;403;00;;00;5400;1;
4553277201;0;0049;Mibanco;;PEN;1.00;0002;BCP;20/10/2025 08:28:38.127;20/10/2025 08:28:44.715;6588;20/10/2025 08:28:38.127;20/10/2025 08:28:44.715;6588;20/10/2025 08:28:38.292;20/10/2025 08:28:44.570;6278;00;;00;5400;1;
4553276541;0;0049;Mibanco;;PEN;1.00;0002;BCP;20/10/2025 08:28:31.724;20/10/2025 08:28:32.239;515;20/10/2025 08:28:31.724;20/10/2025 08:28:32.239;515;20/10/2025 08:28:31.860;20/10/2025 08:28:32.075;215;00;;00;5400;1;
4553278595;0;0049;Mibanco;;PEN;1.00;0002;BCP;20/10/2025 08:29:00.272;20/10/2025 08:29:01.025;753;20/10/2025 08:29:00.272;20/10/2025 08:29:01.025;753;20/10/2025 08:29:00.534;20/10/2025 08:29:00.780;246;00;;00;5400;1;
4553277702;0;0049;Mibanco;;PEN;1.00;0002;BCP;20/10/2025 08:28:48.161;20/10/2025 08:28:48.887;726;20/10/2025 08:28:48.161;20/10/2025 08:28:48.887;726;20/10/2025 08:28:48.328;20/10/2025 08:28:48.667;339;00;;00;5400;1;
4553277459;0;0049;Mibanco;;PEN;1.00;0002;BCP;20/10/2025 08:28:41.353;20/10/2025 08:28:52.045;10692;20/10/2025 08:28:41.353;20/10/2025 08:28:52.045;10692;20/10/2025 08:28:41.608;;;05;DS24;;5400;2;
4553278580;0;0049;Mibanco;;PEN;1.00;0002;BCP;20/10/2025 08:28:59.289;20/10/2025 08:28:59.940;651;20/10/2025 08:28:59.289;20/10/2025 08:28:59.940;651;20/10/2025 08:28:59.447;20/10/2025 08:28:59.717;270;00;;00;5400;1;
4553279133;0;0049;Mibanco;;PEN;1.00;0002;BCP;20/10/2025 08:29:11.563;20/10/2025 08:29:12.315;752;20/10/2025 08:29:11.563;20/10/2025 08:29:12.315;752;20/10/2025 08:29:11.828;20/10/2025 08:29:12.172;344;00;;00;5400;1;
4553278615;0;0049;Mibanco;;PEN;1.00;0002;BCP;20/10/2025 08:29:01.818;20/10/2025 08:29:02.641;823;20/10/2025 08:29:01.818;20/10/2025 08:29:02.641;823;20/10/2025 08:29:02.090;20/10/2025 08:29:02.444;354;00;;00;5400;1;
4553279102;0;0049;Mibanco;;PEN;1.00;0002;BCP;20/10/2025 08:29:09.934;20/10/2025 08:29:10.632;698;20/10/2025 08:29:09.934;20/10/2025 08:29:10.632;698;20/10/2025 08:29:10.165;20/10/2025 08:29:10.371;206;00;;00;5400;1;
4553279699;0;0049;Mibanco;;PEN;1.00;0002;BCP;20/10/2025 08:29:21.234;20/10/2025 08:29:21.863;629;20/10/2025 08:29:21.234;20/10/2025 08:29:21.863;629;20/10/2025 08:29:21.408;20/10/2025 08:29:21.640;232;00;;00;5400;1;
4553279362;0;0049;Mibanco;;PEN;1.00;0002;BCP;20/10/2025 08:29:16.905;20/10/2025 08:29:17.691;786;20/10/2025 08:29:16.905;20/10/2025 08:29:17.691;786;20/10/2025 08:29:17.085;20/10/2025 08:29:17.441;356;00;;00;5400;1;
4553279942;0;0049;Mibanco;;PEN;1.00;0002;BCP;20/10/2025 08:29:26.974;20/10/2025 08:29:27.614;640;20/10/2025 08:29:26.974;20/10/2025 08:29:27.614;640;20/10/2025 08:29:27.131;20/10/2025 08:29:27.365;234;00;;00;5400;1;
4553279936;0;0049;Mibanco;;PEN;1.00;0002;BCP;20/10/2025 08:29:26.565;20/10/2025 08:29:33.307;6742;20/10/2025 08:29:26.565;20/10/2025 08:29:33.307;6742;20/10/2025 08:29:26.721;20/10/2025 08:29:33.161;6440;00;;00;5400;1;
4553281097;0;0049;Mibanco;;PEN;1.00;0002;BCP;20/10/2025 08:29:42.941;20/10/2025 08:29:43.707;766;20/10/2025 08:29:42.941;20/10/2025 08:29:43.707;766;20/10/2025 08:29:43.115;20/10/2025 08:29:43.545;430;00;;00;5400;1;
4553280175;0;0049;Mibanco;;PEN;1.00;0002;BCP;20/10/2025 08:29:32.536;20/10/2025 08:29:33.199;663;20/10/2025 08:29:32.536;20/10/2025 08:29:33.199;663;20/10/2025 08:29:32.693;20/10/2025 08:29:32.954;261;00;;00;5400;1;
4553281728;0;0049;Mibanco;;PEN;1.00;0002;BCP;20/10/2025 08:29:53.569;20/10/2025 08:29:54.322;753;20/10/2025 08:29:53.569;20/10/2025 08:29:54.322;753;20/10/2025 08:29:53.815;20/10/2025 08:29:54.181;366;00;;00;5400;1;
4553281325;0;0049;Mibanco;;PEN;1.00;0002;BCP;20/10/2025 08:29:48.656;20/10/2025 08:29:59.196;10540;20/10/2025 08:29:48.656;20/10/2025 08:29:59.196;10540;20/10/2025 08:29:48.893;;;05;DS24;;5400;2;
4553282308;0;0049;Mibanco;;PEN;1.00;0002;BCP;20/10/2025 08:30:02.817;20/10/2025 08:30:03.689;872;20/10/2025 08:30:02.817;20/10/2025 08:30:03.689;872;20/10/2025 08:30:03.079;20/10/2025 08:30:03.488;409;00;;00;5400;1;
4553281714;0;0049;Mibanco;;PEN;1.00;0002;BCP;20/10/2025 08:29:52.490;20/10/2025 08:29:53.209;719;20/10/2025 08:29:52.490;20/10/2025 08:29:53.209;719;20/10/2025 08:29:52.669;20/10/2025 08:29:53.043;374;00;;00;5400;1;
4553283065;0;0049;Mibanco;;PEN;1.00;0002;BCP;20/10/2025 08:30:18.370;20/10/2025 08:30:19.043;673;20/10/2025 08:30:18.370;20/10/2025 08:30:19.043;673;20/10/2025 08:30:18.524;20/10/2025 08:30:18.776;252;00;;00;5400;1;
4553282793;0;0049;Mibanco;;PEN;1.00;0002;BCP;20/10/2025 08:30:10.179;20/10/2025 08:30:16.797;6618;20/10/2025 08:30:10.179;20/10/2025 08:30:16.797;6618;20/10/2025 08:30:10.358;20/10/2025 08:30:16.665;6307;00;;00;5400;1;
4553284254;0;0049;Mibanco;;PEN;1.00;0002;BCP;20/10/2025 08:30:37.523;20/10/2025 08:30:38.203;680;20/10/2025 08:30:37.523;20/10/2025 08:30:38.203;680;20/10/2025 08:30:37.689;20/10/2025 08:30:37.967;278;00;;00;5400;1;
4553283615;0;0049;Mibanco;;PEN;1.00;0002;BCP;20/10/2025 08:30:27.033;20/10/2025 08:30:27.820;787;20/10/2025 08:30:27.033;20/10/2025 08:30:27.820;787;20/10/2025 08:30:27.207;20/10/2025 08:30:27.578;371;00;;00;5400;1;
4553283642;0;0049;Mibanco;;PEN;1.00;0002;BCP;20/10/2025 08:30:28.044;20/10/2025 08:30:28.745;701;20/10/2025 08:30:28.044;20/10/2025 08:30:28.745;701;20/10/2025 08:30:28.207;20/10/2025 08:30:28.578;371;00;;00;5400;1;
4553284259;0;0049;Mibanco;;PEN;1.00;0002;BCP;20/10/2025 08:30:38.173;20/10/2025 08:30:38.736;563;20/10/2025 08:30:38.173;20/10/2025 08:30:38.736;563;20/10/2025 08:30:38.331;20/10/2025 08:30:38.576;245;00;;00;5400;1;
4553285030;0;0049;Mibanco;;PEN;1.00;0002;BCP;20/10/2025 08:30:46.013;20/10/2025 08:30:46.695;682;20/10/2025 08:30:46.013;20/10/2025 08:30:46.695;682;20/10/2025 08:30:46.195;20/10/2025 08:30:46.549;354;00;;00;5400;1;
4553286248;0;0049;Mibanco;;PEN;1.00;0002;BCP;20/10/2025 08:31:05.008;20/10/2025 08:31:05.601;593;20/10/2025 08:31:05.008;20/10/2025 08:31:05.601;593;20/10/2025 08:31:05.135;20/10/2025 08:31:05.446;311;00;;00;5400;1;
4553285064;0;0049;Mibanco;;PEN;1.00;0002;BCP;20/10/2025 08:30:47.623;20/10/2025 08:30:48.374;751;20/10/2025 08:30:47.623;20/10/2025 08:30:48.374;751;20/10/2025 08:30:47.885;20/10/2025 08:30:48.209;324;00;;00;5400;1;
4553285764;0;0049;Mibanco;;PEN;1.00;0002;BCP;20/10/2025 08:30:58.007;20/10/2025 08:30:58.616;609;20/10/2025 08:30:58.007;20/10/2025 08:30:58.616;609;20/10/2025 08:30:58.167;20/10/2025 08:30:58.369;202;00;;00;5400;1;
4553285749;0;0049;Mibanco;;PEN;1.00;0002;BCP;20/10/2025 08:30:57.216;20/10/2025 08:30:57.977;761;20/10/2025 08:30:57.216;20/10/2025 08:30:57.977;761;20/10/2025 08:30:57.469;20/10/2025 08:30:57.844;375;00;;00;5400;1;
4553286705;0;0049;Mibanco;;PEN;1.00;0002;BCP;20/10/2025 08:31:14.694;20/10/2025 08:31:15.444;750;20/10/2025 08:31:14.694;20/10/2025 08:31:15.444;750;20/10/2025 08:31:14.849;20/10/2025 08:31:15.197;348;00;;00;5400;1;
4553286518;0;0049;Mibanco;;PEN;1.00;0002;BCP;20/10/2025 08:31:13.759;20/10/2025 08:31:14.592;833;20/10/2025 08:31:13.759;20/10/2025 08:31:14.592;833;20/10/2025 08:31:13.936;20/10/2025 08:31:14.352;416;00;;00;5400;1;
4553287543;0;0049;Mibanco;;PEN;1.00;0002;BCP;20/10/2025 08:31:31.669;20/10/2025 08:31:38.456;6787;20/10/2025 08:31:31.669;20/10/2025 08:31:38.456;6787;20/10/2025 08:31:31.830;20/10/2025 08:31:38.212;6382;00;;00;5400;1;
4553287294;0;0049;Mibanco;;PEN;1.00;0002;BCP;20/10/2025 08:31:26.142;20/10/2025 08:31:26.769;627;20/10/2025 08:31:26.142;20/10/2025 08:31:26.769;627;20/10/2025 08:31:26.349;20/10/2025 08:31:26.638;289;00;;00;5400;1;
4553286731;0;0049;Mibanco;;PEN;1.00;0002;BCP;20/10/2025 08:31:17.169;20/10/2025 08:31:17.814;645;20/10/2025 08:31:17.169;20/10/2025 08:31:17.814;645;20/10/2025 08:31:17.331;20/10/2025 08:31:17.665;334;00;;00;5400;1;
4553287315;0;0049;Mibanco;;PEN;1.00;0002;BCP;20/10/2025 08:31:28.066;20/10/2025 08:31:28.878;812;20/10/2025 08:31:28.066;20/10/2025 08:31:28.878;812;20/10/2025 08:31:28.204;20/10/2025 08:31:28.663;459;00;;00;5400;1;
4553288695;0;0049;Mibanco;;PEN;1.00;0002;BCP;20/10/2025 08:31:48.401;20/10/2025 08:31:49.131;730;20/10/2025 08:31:48.401;20/10/2025 08:31:49.131;730;20/10/2025 08:31:48.652;20/10/2025 08:31:48.930;278;00;;00;5400;1;
4553288657;0;0049;Mibanco;;PEN;1.00;0002;BCP;20/10/2025 08:31:44.549;20/10/2025 08:31:45.136;587;20/10/2025 08:31:44.549;20/10/2025 08:31:45.136;587;20/10/2025 08:31:44.726;20/10/2025 08:31:44.978;252;00;;00;5400;1;
4553287925;0;0049;Mibanco;;PEN;1.00;0002;BCP;20/10/2025 08:31:37.090;20/10/2025 08:31:37.890;800;20/10/2025 08:31:37.090;20/10/2025 08:31:37.890;800;20/10/2025 08:31:37.329;20/10/2025 08:31:37.641;312;00;;00;5400;1;
4553290358;0;0049;Mibanco;;PEN;1.00;0002;BCP;20/10/2025 08:32:18.450;20/10/2025 08:32:18.990;540;20/10/2025 08:32:18.450;20/10/2025 08:32:18.990;540;20/10/2025 08:32:18.573;20/10/2025 08:32:18.841;268;00;;00;5400;1;
4553288700;0;0049;Mibanco;;PEN;1.00;0002;BCP;20/10/2025 08:31:48.930;20/10/2025 08:31:49.846;916;20/10/2025 08:31:48.930;20/10/2025 08:31:49.846;916;20/10/2025 08:31:49.131;20/10/2025 08:31:49.578;447;00;;00;5400;1;
4553289581;0;0049;Mibanco;;PEN;1.00;0002;BCP;20/10/2025 08:32:00.413;20/10/2025 08:32:07.094;6681;20/10/2025 08:32:00.413;20/10/2025 08:32:07.094;6681;20/10/2025 08:32:00.568;20/10/2025 08:32:06.844;6276;00;;00;5400;1;
4553290119;0;0049;Mibanco;;PEN;1.00;0002;BCP;20/10/2025 08:32:13.907;20/10/2025 08:32:14.707;800;20/10/2025 08:32:13.907;20/10/2025 08:32:14.707;800;20/10/2025 08:32:14.163;20/10/2025 08:32:14.465;302;00;;00;5400;1;
4553290916;0;0049;Mibanco;;PEN;1.00;0002;BCP;20/10/2025 08:32:25.414;20/10/2025 08:32:32.040;6626;20/10/2025 08:32:25.414;20/10/2025 08:32:32.040;6626;20/10/2025 08:32:25.552;20/10/2025 08:32:31.879;6327;00;;00;5400;1;
4553290717;0;0049;Mibanco;;PEN;1.00;0002;BCP;20/10/2025 08:32:23.383;20/10/2025 08:32:24.002;619;20/10/2025 08:32:23.383;20/10/2025 08:32:24.002;619;20/10/2025 08:32:23.547;20/10/2025 08:32:23.839;292;00;;00;5400;1;
4553291514;0;0049;Mibanco;;PEN;1.00;0002;BCP;20/10/2025 08:32:34.525;20/10/2025 08:32:35.163;638;20/10/2025 08:32:34.525;20/10/2025 08:32:35.163;638;20/10/2025 08:32:34.671;20/10/2025 08:32:34.968;297;00;;00;5400;1;
4553290972;0;0049;Mibanco;;PEN;1.00;0002;BCP;20/10/2025 08:32:28.968;20/10/2025 08:32:35.792;6824;20/10/2025 08:32:28.968;20/10/2025 08:32:35.792;6824;20/10/2025 08:32:29.130;20/10/2025 08:32:35.646;6516;00;;00;5400;1;
4553292253;0;0049;Mibanco;;PEN;1.00;0002;BCP;20/10/2025 08:32:47.357;20/10/2025 08:32:54.095;6738;20/10/2025 08:32:47.357;20/10/2025 08:32:54.095;6738;20/10/2025 08:32:47.571;20/10/2025 08:32:53.838;6267;00;;00;5400;1;
4553294606;0;0049;Mibanco;;PEN;1.00;0002;BCP;20/10/2025 08:33:22.814;20/10/2025 08:33:23.508;694;20/10/2025 08:33:22.814;20/10/2025 08:33:23.508;694;20/10/2025 08:33:23.006;20/10/2025 08:33:23.274;268;00;;00;5400;1;
4553292786;0;0049;Mibanco;;PEN;1.00;0002;BCP;20/10/2025 08:32:51.478;20/10/2025 08:32:52.351;873;20/10/2025 08:32:51.478;20/10/2025 08:32:52.351;873;20/10/2025 08:32:51.649;20/10/2025 08:32:52.173;524;00;;00;5400;1;
4553293403;0;0049;Mibanco;;PEN;1.00;0002;BCP;20/10/2025 08:33:01.753;20/10/2025 08:33:12.085;10332;20/10/2025 08:33:01.753;20/10/2025 08:33:12.085;10332;20/10/2025 08:33:01.960;;;05;DS24;;5400;2;
4553293415;0;0049;Mibanco;;PEN;1.00;0002;BCP;20/10/2025 08:33:02.600;20/10/2025 08:33:13.088;10488;20/10/2025 08:33:02.600;20/10/2025 08:33:13.088;10488;20/10/2025 08:33:02.767;;;05;DS24;;5400;2;
4553293941;0;0049;Mibanco;;PEN;1.00;0002;BCP;20/10/2025 08:33:10.326;20/10/2025 08:33:16.893;6567;20/10/2025 08:33:10.326;20/10/2025 08:33:16.893;6567;20/10/2025 08:33:10.520;20/10/2025 08:33:16.745;6225;00;;00;5400;1;
4553295116;0;0049;Mibanco;;PEN;1.00;0002;BCP;20/10/2025 08:33:33.243;20/10/2025 08:33:33.986;743;20/10/2025 08:33:33.243;20/10/2025 08:33:33.986;743;20/10/2025 08:33:33.454;20/10/2025 08:33:33.819;365;00;;00;5400;1;
4553294869;0;0049;Mibanco;;PEN;1.00;0002;BCP;20/10/2025 08:33:26.893;20/10/2025 08:33:37.105;10212;20/10/2025 08:33:26.893;20/10/2025 08:33:37.105;10212;20/10/2025 08:33:27.061;;;05;DS24;;5400;2;
4553297972;0;0049;Mibanco;;PEN;1.00;0002;BCP;20/10/2025 08:34:14.509;20/10/2025 08:34:15.226;717;20/10/2025 08:34:14.509;20/10/2025 08:34:15.226;717;20/10/2025 08:34:14.772;20/10/2025 08:34:15.075;303;00;;00;5400;1;
4553295474;0;0049;Mibanco;;PEN;1.00;0002;BCP;20/10/2025 08:33:38.129;20/10/2025 08:33:38.810;681;20/10/2025 08:33:38.129;20/10/2025 08:33:38.810;681;20/10/2025 08:33:38.257;20/10/2025 08:33:38.649;392;00;;00;5400;1;
4553296663;0;0049;Mibanco;;PEN;1.00;0002;BCP;20/10/2025 08:33:49.620;20/10/2025 08:33:59.818;10198;20/10/2025 08:33:49.620;20/10/2025 08:33:59.818;10198;20/10/2025 08:33:49.772;;;05;DS24;;5400;2;
4553296713;0;0049;Mibanco;;PEN;1.00;0002;BCP;20/10/2025 08:33:53.947;20/10/2025 08:34:04.693;10746;20/10/2025 08:33:53.947;20/10/2025 08:34:04.693;10746;20/10/2025 08:33:54.198;;;05;DS24;;5400;2;
4553296680;0;0049;Mibanco;;PEN;1.00;0002;BCP;20/10/2025 08:33:51.327;20/10/2025 08:33:51.994;667;20/10/2025 08:33:51.327;20/10/2025 08:33:51.994;667;20/10/2025 08:33:51.511;20/10/2025 08:33:51.778;267;00;;00;5400;1;
4553297220;0;0049;Mibanco;;PEN;1.00;0002;BCP;20/10/2025 08:34:01.414;20/10/2025 08:34:11.708;10294;20/10/2025 08:34:01.414;20/10/2025 08:34:11.708;10294;20/10/2025 08:34:01.571;;;05;DS24;;5400;2;
4553299201;0;0049;Mibanco;;PEN;1.00;0002;BCP;20/10/2025 08:34:37.879;20/10/2025 08:34:48.425;10546;20/10/2025 08:34:37.879;20/10/2025 08:34:48.425;10546;20/10/2025 08:34:38.131;;;05;DS24;;5400;2;
4553298357;0;0049;Mibanco;;PEN;1.00;0002;BCP;20/10/2025 08:34:21.649;20/10/2025 08:34:22.387;738;20/10/2025 08:34:21.649;20/10/2025 08:34:22.387;738;20/10/2025 08:34:21.844;20/10/2025 08:34:22.168;324;00;;00;5400;1;
4553298810;0;0049;Mibanco;;PEN;1.00;0002;BCP;20/10/2025 08:34:29.852;20/10/2025 08:34:30.607;755;20/10/2025 08:34:29.852;20/10/2025 08:34:30.607;755;20/10/2025 08:34:30.052;20/10/2025 08:34:30.374;322;00;;00;5400;1;
4553298384;0;0049;Mibanco;;PEN;1.00;0002;BCP;20/10/2025 08:34:23.731;20/10/2025 08:34:30.336;6605;20/10/2025 08:34:23.731;20/10/2025 08:34:30.336;6605;20/10/2025 08:34:23.911;20/10/2025 08:34:30.191;6280;00;;00;5400;1;
4553300669;0;0049;Mibanco;;PEN;1.00;0002;BCP;20/10/2025 08:34:56.302;20/10/2025 08:34:57.142;840;20/10/2025 08:34:56.302;20/10/2025 08:34:57.142;840;20/10/2025 08:34:56.471;20/10/2025 08:34:56.916;445;00;;00;5400;1;
4553301523;0;0049;Mibanco;;PEN;1.00;0002;BCP;20/10/2025 08:35:11.289;20/10/2025 08:35:18.004;6715;20/10/2025 08:35:11.289;20/10/2025 08:35:18.004;6715;20/10/2025 08:35:11.429;20/10/2025 08:35:17.736;6307;00;;00;5400;1;
4553300714;0;0049;Mibanco;;PEN;1.00;0002;BCP;20/10/2025 08:34:58.858;20/10/2025 08:35:05.570;6712;20/10/2025 08:34:58.858;20/10/2025 08:35:05.570;6712;20/10/2025 08:34:58.999;20/10/2025 08:35:05.336;6337;00;;00;5400;1;
4553302119;0;0049;Mibanco;;PEN;1.00;0002;BCP;20/10/2025 08:35:22.867;20/10/2025 08:35:33.515;10648;20/10/2025 08:35:22.867;20/10/2025 08:35:33.515;10648;20/10/2025 08:35:23.014;;;05;DS24;;5400;2;
4553304120;0;0049;Mibanco;;PEN;1.00;0002;BCP;20/10/2025 08:35:55.044;20/10/2025 08:35:55.942;898;20/10/2025 08:35:55.044;20/10/2025 08:35:55.942;898;20/10/2025 08:35:55.240;20/10/2025 08:35:55.749;509;00;;00;5400;1;
4553302360;0;0049;Mibanco;;PEN;1.00;0002;BCP;20/10/2025 08:35:28.261;20/10/2025 08:35:29.187;926;20/10/2025 08:35:28.261;20/10/2025 08:35:29.187;926;20/10/2025 08:35:28.492;20/10/2025 08:35:28.939;447;00;;00;5400;1;
4553302577;0;0049;Mibanco;;PEN;1.00;0002;BCP;20/10/2025 08:35:30.703;20/10/2025 08:35:40.879;10176;20/10/2025 08:35:30.703;20/10/2025 08:35:40.879;10176;20/10/2025 08:35:30.844;;;05;DS24;;5400;2;
4553303626;0;0049;Mibanco;;PEN;1.00;0002;BCP;20/10/2025 08:35:44.399;20/10/2025 08:35:45.110;711;20/10/2025 08:35:44.399;20/10/2025 08:35:45.110;711;20/10/2025 08:35:44.657;20/10/2025 08:35:44.947;290;00;;00;5400;1;
4553304965;0;0049;Mibanco;;PEN;1.00;0002;BCP;20/10/2025 08:36:05.718;20/10/2025 08:36:12.408;6690;20/10/2025 08:36:05.718;20/10/2025 08:36:12.408;6690;20/10/2025 08:36:05.863;20/10/2025 08:36:12.236;6373;00;;00;5400;1;
4553304710;0;0049;Mibanco;;PEN;1.00;0002;BCP;20/10/2025 08:36:00.068;20/10/2025 08:36:00.809;741;20/10/2025 08:36:00.068;20/10/2025 08:36:00.809;741;20/10/2025 08:36:00.236;20/10/2025 08:36:00.545;309;00;;00;5400;1;
4553305291;0;0049;Mibanco;;PEN;1.00;0002;BCP;20/10/2025 08:36:13.316;20/10/2025 08:36:14.123;807;20/10/2025 08:36:13.316;20/10/2025 08:36:14.123;807;20/10/2025 08:36:13.566;20/10/2025 08:36:13.932;366;00;;00;5400;1;
4553305252;0;0049;Mibanco;;PEN;1.00;0002;BCP;20/10/2025 08:36:10.626;20/10/2025 08:36:11.335;709;20/10/2025 08:36:10.626;20/10/2025 08:36:11.335;709;20/10/2025 08:36:10.773;20/10/2025 08:36:11.111;338;00;;00;5400;1;
4553306146;0;0049;Mibanco;;PEN;1.00;0002;BCP;20/10/2025 08:36:27.234;20/10/2025 08:36:27.973;739;20/10/2025 08:36:27.234;20/10/2025 08:36:27.973;739;20/10/2025 08:36:27.438;20/10/2025 08:36:27.778;340;00;;00;5400;1;
4553305900;0;0049;Mibanco;;PEN;1.00;0002;BCP;20/10/2025 08:36:22.794;20/10/2025 08:36:23.499;705;20/10/2025 08:36:22.794;20/10/2025 08:36:23.499;705;20/10/2025 08:36:22.936;20/10/2025 08:36:23.336;400;00;;00;5400;1;
4553305883;0;0049;Mibanco;;PEN;1.00;0002;BCP;20/10/2025 08:36:22.129;20/10/2025 08:36:22.825;696;20/10/2025 08:36:22.129;20/10/2025 08:36:22.825;696;20/10/2025 08:36:22.407;20/10/2025 08:36:22.675;268;00;;00;5400;1;
4553307483;0;0049;Mibanco;;PEN;1.00;0002;BCP;20/10/2025 08:36:48.190;20/10/2025 08:36:48.865;675;20/10/2025 08:36:48.190;20/10/2025 08:36:48.865;675;20/10/2025 08:36:48.415;20/10/2025 08:36:48.738;323;00;;00;5400;1;
4553307468;0;0049;Mibanco;;PEN;1.00;0002;BCP;20/10/2025 08:36:47.204;20/10/2025 08:36:48.004;800;20/10/2025 08:36:47.204;20/10/2025 08:36:48.004;800;20/10/2025 08:36:47.373;20/10/2025 08:36:47.853;480;00;;00;5400;1;
4553306740;0;0049;Mibanco;;PEN;1.00;0002;BCP;20/10/2025 08:36:37.564;20/10/2025 08:36:44.305;6741;20/10/2025 08:36:37.564;20/10/2025 08:36:44.305;6741;20/10/2025 08:36:37.723;20/10/2025 08:36:44.071;6348;00;;00;5400;1;
4553306747;0;0049;Mibanco;;PEN;1.00;0002;BCP;20/10/2025 08:36:38.134;20/10/2025 08:36:39.004;870;20/10/2025 08:36:38.134;20/10/2025 08:36:39.004;870;20/10/2025 08:36:38.392;20/10/2025 08:36:38.740;348;00;;00;5400;1;
4553308526;0;0049;Mibanco;;PEN;1.00;0002;BCP;20/10/2025 08:36:59.724;20/10/2025 08:37:00.358;634;20/10/2025 08:36:59.724;20/10/2025 08:37:00.358;634;20/10/2025 08:36:59.979;20/10/2025 08:37:00.238;259;00;;00;5400;1;
4553307956;0;0049;Mibanco;;PEN;1.00;0002;BCP;20/10/2025 08:36:56.877;20/10/2025 08:37:03.872;6995;20/10/2025 08:36:56.877;20/10/2025 08:37:03.872;6995;20/10/2025 08:36:57.050;20/10/2025 08:37:03.639;6589;00;;00;5400;1;
4553309135;0;0049;Mibanco;;PEN;1.00;0002;BCP;20/10/2025 08:37:12.796;20/10/2025 08:37:13.583;787;20/10/2025 08:37:12.796;20/10/2025 08:37:13.583;787;20/10/2025 08:37:12.928;20/10/2025 08:37:13.439;511;00;;00;5400;1;
4553309083;0;0049;Mibanco;;PEN;1.00;0002;BCP;20/10/2025 08:37:10.364;20/10/2025 08:37:11.204;840;20/10/2025 08:37:10.364;20/10/2025 08:37:11.204;840;20/10/2025 08:37:10.607;20/10/2025 08:37:10.963;356;00;;00;5400;1;
4553310743;0;0049;Mibanco;;PEN;1.00;0002;BCP;20/10/2025 08:37:38.944;20/10/2025 08:37:49.647;10703;20/10/2025 08:37:38.944;20/10/2025 08:37:49.647;10703;20/10/2025 08:37:39.192;;;05;DS24;;5400;2;
4553309799;0;0049;Mibanco;;PEN;1.00;0002;BCP;20/10/2025 08:37:23.070;20/10/2025 08:37:23.902;832;20/10/2025 08:37:23.070;20/10/2025 08:37:23.902;832;20/10/2025 08:37:23.281;20/10/2025 08:37:23.749;468;00;;00;5400;1;
4553310354;0;0049;Mibanco;;PEN;1.00;0002;BCP;20/10/2025 08:37:33.517;20/10/2025 08:37:34.193;676;20/10/2025 08:37:33.517;20/10/2025 08:37:34.193;676;20/10/2025 08:37:33.790;20/10/2025 08:37:34.071;281;00;;00;5400;1;
4553310079;0;0049;Mibanco;;PEN;1.00;0002;BCP;20/10/2025 08:37:28.586;20/10/2025 08:37:29.210;624;20/10/2025 08:37:28.586;20/10/2025 08:37:29.210;624;20/10/2025 08:37:28.772;20/10/2025 08:37:29.052;280;00;;00;5400;1;
4553313303;0;0049;Mibanco;;PEN;1.00;0002;BCP;20/10/2025 08:38:10.601;20/10/2025 08:38:11.137;536;20/10/2025 08:38:10.601;20/10/2025 08:38:11.137;536;20/10/2025 08:38:10.735;20/10/2025 08:38:10.972;237;00;;00;5400;1;
4553312001;0;0049;Mibanco;;PEN;1.00;0002;BCP;20/10/2025 08:37:56.417;20/10/2025 08:37:57.211;794;20/10/2025 08:37:56.417;20/10/2025 08:37:57.211;794;20/10/2025 08:37:56.675;20/10/2025 08:37:57.042;367;00;;00;5400;1;
4553312916;0;0049;Mibanco;;PEN;1.00;0002;BCP;20/10/2025 08:38:04.862;20/10/2025 08:38:05.788;926;20/10/2025 08:38:04.862;20/10/2025 08:38:05.788;926;20/10/2025 08:38:05.083;20/10/2025 08:38:05.630;547;00;;00;5400;1;
4553312578;0;0049;Mibanco;;PEN;1.00;0002;BCP;20/10/2025 08:37:59.967;20/10/2025 08:38:00.728;761;20/10/2025 08:37:59.967;20/10/2025 08:38:00.728;761;20/10/2025 08:38:00.214;20/10/2025 08:38:00.547;333;00;;00;5400;1;
4553312957;0;0049;Mibanco;;PEN;1.00;0002;BCP;20/10/2025 08:38:07.049;20/10/2025 08:38:13.807;6758;20/10/2025 08:38:07.049;20/10/2025 08:38:13.807;6758;20/10/2025 08:38:07.247;20/10/2025 08:38:13.647;6400;00;;00;5400;1;
4553315928;0;0049;Mibanco;;PEN;1.00;0002;BCP;20/10/2025 08:38:49.446;20/10/2025 08:38:50.045;599;20/10/2025 08:38:49.446;20/10/2025 08:38:50.045;599;20/10/2025 08:38:49.606;20/10/2025 08:38:49.895;289;00;;00;5400;1;
4553313630;0;0049;Mibanco;;PEN;1.00;0002;BCP;20/10/2025 08:38:16.253;20/10/2025 08:38:23.043;6790;20/10/2025 08:38:16.253;20/10/2025 08:38:23.043;6790;20/10/2025 08:38:16.398;20/10/2025 08:38:22.780;6382;00;;00;5400;1;
4553314605;0;0049;Mibanco;;PEN;1.00;0002;BCP;20/10/2025 08:38:33.017;20/10/2025 08:38:43.250;10233;20/10/2025 08:38:33.017;20/10/2025 08:38:43.250;10233;20/10/2025 08:38:33.241;;;05;DS24;;5400;2;
4553314025;0;0049;Mibanco;;PEN;1.00;0002;BCP;20/10/2025 08:38:21.483;20/10/2025 08:38:22.282;799;20/10/2025 08:38:21.483;20/10/2025 08:38:22.282;799;20/10/2025 08:38:21.675;20/10/2025 08:38:22.137;462;00;;00;5400;1;
4553314544;0;0049;Mibanco;;PEN;1.00;0002;BCP;20/10/2025 08:38:29.736;20/10/2025 08:38:30.906;1170;20/10/2025 08:38:29.736;20/10/2025 08:38:30.906;1170;20/10/2025 08:38:29.886;20/10/2025 08:38:30.741;855;00;;00;5400;1;
4553316656;0;0049;Mibanco;;PEN;1.00;0002;BCP;20/10/2025 08:39:00.201;20/10/2025 08:39:00.919;718;20/10/2025 08:39:00.201;20/10/2025 08:39:00.919;718;20/10/2025 08:39:00.360;20/10/2025 08:39:00.775;415;00;;00;5400;1;
4553316661;0;0049;Mibanco;;PEN;1.00;0002;BCP;20/10/2025 08:39:00.600;20/10/2025 08:39:07.368;6768;20/10/2025 08:39:00.600;20/10/2025 08:39:07.368;6768;20/10/2025 08:39:00.848;20/10/2025 08:39:07.238;6390;00;;00;5400;1;
4553317710;0;0049;Mibanco;;PEN;1.00;0002;BCP;20/10/2025 08:39:16.098;20/10/2025 08:39:16.797;699;20/10/2025 08:39:16.098;20/10/2025 08:39:16.797;699;20/10/2025 08:39:16.307;20/10/2025 08:39:16.643;336;00;;00;5400;1;
4553317403;0;0049;Mibanco;;PEN;1.00;0002;BCP;20/10/2025 08:39:11.978;20/10/2025 08:39:12.769;791;20/10/2025 08:39:11.978;20/10/2025 08:39:12.769;791;20/10/2025 08:39:12.129;20/10/2025 08:39:12.510;381;00;;00;5400;1;
4553318375;0;0049;Mibanco;;PEN;1.00;0002;BCP;20/10/2025 08:39:27.005;20/10/2025 08:39:37.375;10370;20/10/2025 08:39:27.005;20/10/2025 08:39:37.375;10370;20/10/2025 08:39:27.266;;;05;DS24;;5400;2;
4553318118;0;0049;Mibanco;;PEN;1.00;0002;BCP;20/10/2025 08:39:23.506;20/10/2025 08:39:24.219;713;20/10/2025 08:39:23.506;20/10/2025 08:39:24.219;713;20/10/2025 08:39:23.694;20/10/2025 08:39:23.974;280;00;;00;5400;1;
4553319786;0;0049;Mibanco;;PEN;1.00;0002;BCP;20/10/2025 08:39:47.956;20/10/2025 08:39:48.771;815;20/10/2025 08:39:47.956;20/10/2025 08:39:48.771;815;20/10/2025 08:39:48.122;20/10/2025 08:39:48.512;390;00;;00;5400;1;
4553318392;0;0049;Mibanco;;PEN;1.00;0002;BCP;20/10/2025 08:39:28.361;20/10/2025 08:39:29.039;678;20/10/2025 08:39:28.361;20/10/2025 08:39:29.039;678;20/10/2025 08:39:28.599;20/10/2025 08:39:28.876;277;00;;00;5400;1;
4553319737;0;0049;Mibanco;;PEN;1.00;0002;BCP;20/10/2025 08:39:44.729;20/10/2025 08:39:51.414;6685;20/10/2025 08:39:44.729;20/10/2025 08:39:51.414;6685;20/10/2025 08:39:44.947;20/10/2025 08:39:51.224;6277;00;;00;5400;1;
4553321499;0;0049;Mibanco;;PEN;1.00;0002;BCP;20/10/2025 08:40:10.657;20/10/2025 08:40:11.315;658;20/10/2025 08:40:10.657;20/10/2025 08:40:11.315;658;20/10/2025 08:40:10.808;20/10/2025 08:40:11.129;321;00;;00;5400;1;
4553320021;0;0049;Mibanco;;PEN;1.00;0002;BCP;20/10/2025 08:39:50.734;20/10/2025 08:39:51.414;680;20/10/2025 08:39:50.734;20/10/2025 08:39:51.414;680;20/10/2025 08:39:50.929;20/10/2025 08:39:51.279;350;00;;00;5400;1;
4553320798;0;0049;Mibanco;;PEN;1.00;0002;BCP;20/10/2025 08:40:00.919;20/10/2025 08:40:11.427;10508;20/10/2025 08:40:00.919;20/10/2025 08:40:11.427;10508;20/10/2025 08:40:01.140;;;05;DS24;;5400;2;
4553321285;0;0049;Mibanco;;PEN;1.00;0002;BCP;20/10/2025 08:40:08.741;20/10/2025 08:40:09.491;750;20/10/2025 08:40:08.741;20/10/2025 08:40:09.491;750;20/10/2025 08:40:08.930;20/10/2025 08:40:09.324;394;00;;00;5400;1;
4553320390;0;0049;Mibanco;;PEN;1.00;0002;BCP;20/10/2025 08:39:58.989;20/10/2025 08:39:59.610;621;20/10/2025 08:39:58.989;20/10/2025 08:39:59.610;621;20/10/2025 08:39:59.222;20/10/2025 08:39:59.476;254;00;;00;5400;1;
4553322221;0;0049;Mibanco;;PEN;1.00;0002;BCP;20/10/2025 08:40:21.241;20/10/2025 08:40:27.892;6651;20/10/2025 08:40:21.241;20/10/2025 08:40:27.892;6651;20/10/2025 08:40:21.407;20/10/2025 08:40:27.660;6253;00;;00;5400;1;
4553322191;0;0049;Mibanco;;PEN;1.00;0002;BCP;20/10/2025 08:40:20.231;20/10/2025 08:40:27.068;6837;20/10/2025 08:40:20.231;20/10/2025 08:40:27.068;6837;20/10/2025 08:40:20.490;20/10/2025 08:40:26.833;6343;00;;00;5400;1;
4553322806;0;0049;Mibanco;;PEN;1.00;0002;BCP;20/10/2025 08:40:32.948;20/10/2025 08:40:33.762;814;20/10/2025 08:40:32.948;20/10/2025 08:40:33.762;814;20/10/2025 08:40:33.172;20/10/2025 08:40:33.538;366;00;;00;5400;1;
4553322237;0;0049;Mibanco;;PEN;1.00;0002;BCP;20/10/2025 08:40:22.012;20/10/2025 08:40:22.814;802;20/10/2025 08:40:22.012;20/10/2025 08:40:22.814;802;20/10/2025 08:40:22.284;20/10/2025 08:40:22.648;364;00;;00;5400;1;
4553324552;0;0049;Mibanco;;PEN;1.00;0002;BCP;20/10/2025 08:40:58.597;20/10/2025 08:41:09.054;10457;20/10/2025 08:40:58.597;20/10/2025 08:41:09.054;10457;20/10/2025 08:40:58.724;;;05;DS24;;5400;2;
4553323180;0;0049;Mibanco;;PEN;1.00;0002;BCP;20/10/2025 08:40:37.353;20/10/2025 08:40:38.027;674;20/10/2025 08:40:37.353;20/10/2025 08:40:38.027;674;20/10/2025 08:40:37.488;20/10/2025 08:40:37.875;387;00;;00;5400;1;
4553324151;0;0049;Mibanco;;PEN;1.00;0002;BCP;20/10/2025 08:40:49.303;20/10/2025 08:40:59.542;10239;20/10/2025 08:40:49.303;20/10/2025 08:40:59.542;10239;20/10/2025 08:40:49.490;;;05;DS24;;5400;2;
4553324472;0;0049;Mibanco;;PEN;1.00;0002;BCP;20/10/2025 08:40:55.516;20/10/2025 08:40:56.159;643;20/10/2025 08:40:55.516;20/10/2025 08:40:56.159;643;20/10/2025 08:40:55.681;20/10/2025 08:40:55.977;296;00;;00;5400;1;
4553326358;0;0049;Mibanco;;PEN;1.00;0002;BCP;20/10/2025 08:41:19.704;20/10/2025 08:41:26.304;6600;20/10/2025 08:41:19.704;20/10/2025 08:41:26.304;6600;20/10/2025 08:41:19.834;20/10/2025 08:41:26.146;6312;00;;00;5400;1;
4553325955;0;0049;Mibanco;;PEN;1.00;0002;BCP;20/10/2025 08:41:15.919;20/10/2025 08:41:16.560;641;20/10/2025 08:41:15.919;20/10/2025 08:41:16.560;641;20/10/2025 08:41:16.088;20/10/2025 08:41:16.432;344;00;;00;5400;1;
4553325718;0;0049;Mibanco;;PEN;1.00;0002;BCP;20/10/2025 08:41:12.318;20/10/2025 08:41:13.308;990;20/10/2025 08:41:12.318;20/10/2025 08:41:13.308;990;20/10/2025 08:41:12.558;20/10/2025 08:41:13.048;490;00;;00;5400;1;
4553328385;0;0049;Mibanco;;PEN;1.00;0002;BCP;20/10/2025 08:41:53.658;20/10/2025 08:42:00.454;6796;20/10/2025 08:41:53.658;20/10/2025 08:42:00.454;6796;20/10/2025 08:41:53.823;20/10/2025 08:42:00.216;6393;00;;00;5400;1;
4553327327;0;0049;Mibanco;;PEN;1.00;0002;BCP;20/10/2025 08:41:36.342;20/10/2025 08:41:46.637;10295;20/10/2025 08:41:36.342;20/10/2025 08:41:46.637;10295;20/10/2025 08:41:36.471;;;05;DS24;;5400;2;
4553326410;0;0049;Mibanco;;PEN;1.00;0002;BCP;20/10/2025 08:41:22.570;20/10/2025 08:41:29.105;6535;20/10/2025 08:41:22.570;20/10/2025 08:41:29.105;6535;20/10/2025 08:41:22.697;20/10/2025 08:41:28.954;6257;00;;00;5400;1;
4553329048;0;0049;Mibanco;;PEN;1.00;0002;BCP;20/10/2025 08:42:01.119;20/10/2025 08:42:11.691;10572;20/10/2025 08:42:01.119;20/10/2025 08:42:11.691;10572;20/10/2025 08:42:01.336;;;05;DS24;;5400;2;
4553330067;0;0049;Mibanco;;PEN;1.00;0002;BCP;20/10/2025 08:42:17.023;20/10/2025 08:42:17.647;624;20/10/2025 08:42:17.023;20/10/2025 08:42:17.647;624;20/10/2025 08:42:17.171;20/10/2025 08:42:17.480;309;00;;00;5400;1;
4553329096;0;0049;Mibanco;;PEN;1.00;0002;BCP;20/10/2025 08:42:03.159;20/10/2025 08:42:03.977;818;20/10/2025 08:42:03.159;20/10/2025 08:42:03.977;818;20/10/2025 08:42:03.409;20/10/2025 08:42:03.767;358;00;;00;5400;1;
4553330809;0;0049;Mibanco;;PEN;1.00;0002;BCP;20/10/2025 08:42:27.998;20/10/2025 08:42:28.735;737;20/10/2025 08:42:27.998;20/10/2025 08:42:28.735;737;20/10/2025 08:42:28.171;20/10/2025 08:42:28.540;369;00;;00;5400;1;
4553330461;0;0049;Mibanco;;PEN;1.00;0002;BCP;20/10/2025 08:42:19.992;20/10/2025 08:42:30.244;10252;20/10/2025 08:42:19.992;20/10/2025 08:42:30.244;10252;20/10/2025 08:42:20.203;;;05;DS24;;5400;2;
4553331928;0;0049;Mibanco;;PEN;1.00;0002;BCP;20/10/2025 08:42:41.159;20/10/2025 08:42:41.863;704;20/10/2025 08:42:41.159;20/10/2025 08:42:41.863;704;20/10/2025 08:42:41.401;20/10/2025 08:42:41.736;335;00;;00;5400;1;
4553330831;0;0049;Mibanco;;PEN;1.00;0002;BCP;20/10/2025 08:42:28.994;20/10/2025 08:42:39.243;10249;20/10/2025 08:42:28.994;20/10/2025 08:42:39.243;10249;20/10/2025 08:42:29.115;;;05;DS24;;5400;2;
4553333311;0;0049;Mibanco;;PEN;1.00;0002;BCP;20/10/2025 08:42:59.813;20/10/2025 08:43:00.397;584;20/10/2025 08:42:59.813;20/10/2025 08:43:00.397;584;20/10/2025 08:42:59.999;20/10/2025 08:43:00.263;264;00;;00;5400;1;
4553332494;0;0049;Mibanco;;PEN;1.00;0002;BCP;20/10/2025 08:42:49.905;20/10/2025 08:42:56.693;6788;20/10/2025 08:42:49.905;20/10/2025 08:42:56.693;6788;20/10/2025 08:42:50.029;20/10/2025 08:42:56.506;6477;00;;00;5400;1;
4553332524;0;0049;Mibanco;;PEN;1.00;0002;BCP;20/10/2025 08:42:51.321;20/10/2025 08:42:52.125;804;20/10/2025 08:42:51.321;20/10/2025 08:42:52.125;804;20/10/2025 08:42:51.530;20/10/2025 08:42:51.975;445;00;;00;5400;1;
4553334887;0;0049;Mibanco;;PEN;1.00;0002;BCP;20/10/2025 08:43:21.224;20/10/2025 08:43:21.840;616;20/10/2025 08:43:21.224;20/10/2025 08:43:21.840;616;20/10/2025 08:43:21.381;20/10/2025 08:43:21.673;292;00;;00;5400;1;
4553333363;0;0049;Mibanco;;PEN;1.00;0002;BCP;20/10/2025 08:43:01.931;20/10/2025 08:43:02.609;678;20/10/2025 08:43:01.931;20/10/2025 08:43:02.609;678;20/10/2025 08:43:02.124;20/10/2025 08:43:02.464;340;00;;00;5400;1;
4553333729;0;0049;Mibanco;;PEN;1.00;0002;BCP;20/10/2025 08:43:05.506;20/10/2025 08:43:06.202;696;20/10/2025 08:43:05.506;20/10/2025 08:43:06.202;696;20/10/2025 08:43:05.647;20/10/2025 08:43:05.959;312;00;;00;5400;1;
4553334436;0;0049;Mibanco;;PEN;1.00;0002;BCP;20/10/2025 08:43:16.136;20/10/2025 08:43:16.825;689;20/10/2025 08:43:16.136;20/10/2025 08:43:16.825;689;20/10/2025 08:43:16.276;20/10/2025 08:43:16.567;291;00;;00;5400;1;
4553335220;0;0049;Mibanco;;PEN;1.00;0002;BCP;20/10/2025 08:43:26.964;20/10/2025 08:43:27.751;787;20/10/2025 08:43:26.964;20/10/2025 08:43:27.751;787;20/10/2025 08:43:27.213;20/10/2025 08:43:27.562;349;00;;00;5400;1;
4553335888;0;0049;Mibanco;;PEN;1.00;0002;BCP;20/10/2025 08:43:37.080;20/10/2025 08:43:37.786;706;20/10/2025 08:43:37.080;20/10/2025 08:43:37.786;706;20/10/2025 08:43:37.248;20/10/2025 08:43:37.540;292;00;;00;5400;1;
4553335523;0;0049;Mibanco;;PEN;1.00;0002;BCP;20/10/2025 08:43:33.207;20/10/2025 08:43:39.770;6563;20/10/2025 08:43:33.207;20/10/2025 08:43:39.770;6563;20/10/2025 08:43:33.348;20/10/2025 08:43:39.575;6227;00;;00;5400;1;
4553338488;0;0049;Mibanco;;PEN;1.00;0002;BCP;20/10/2025 08:44:13.187;20/10/2025 08:44:13.909;722;20/10/2025 08:44:13.187;20/10/2025 08:44:13.909;722;20/10/2025 08:44:13.343;20/10/2025 08:44:13.766;423;00;;00;5400;1;
4553336430;0;0049;Mibanco;;PEN;1.00;0002;BCP;20/10/2025 08:43:43.504;20/10/2025 08:43:44.162;658;20/10/2025 08:43:43.504;20/10/2025 08:43:44.162;658;20/10/2025 08:43:43.659;20/10/2025 08:43:43.943;284;00;;00;5400;1;
4553336941;0;0049;Mibanco;;PEN;1.00;0002;BCP;20/10/2025 08:43:49.479;20/10/2025 08:43:50.200;721;20/10/2025 08:43:49.479;20/10/2025 08:43:50.200;721;20/10/2025 08:43:49.614;20/10/2025 08:43:49.967;353;00;;00;5400;1;
4553336712;0;0049;Mibanco;;PEN;1.00;0002;BCP;20/10/2025 08:43:47.866;20/10/2025 08:43:48.654;788;20/10/2025 08:43:47.866;20/10/2025 08:43:48.654;788;20/10/2025 08:43:48.021;20/10/2025 08:43:48.442;421;00;;00;5400;1;
4553337510;0;0049;Mibanco;;PEN;1.00;0002;BCP;20/10/2025 08:43:59.024;20/10/2025 08:44:09.540;10516;20/10/2025 08:43:59.024;20/10/2025 08:44:09.540;10516;20/10/2025 08:43:59.288;;;05;DS24;;5400;2;
4553339145;0;0049;Mibanco;;PEN;1.00;0002;BCP;20/10/2025 08:44:19.657;20/10/2025 08:44:20.243;586;20/10/2025 08:44:19.657;20/10/2025 08:44:20.243;586;20/10/2025 08:44:19.849;20/10/2025 08:44:20.072;223;00;;00;5400;1;
4553339713;0;0049;Mibanco;;PEN;1.00;0002;BCP;20/10/2025 08:44:29.103;20/10/2025 08:44:29.728;625;20/10/2025 08:44:29.103;20/10/2025 08:44:29.728;625;20/10/2025 08:44:29.291;20/10/2025 08:44:29.565;274;00;;00;5400;1;
4553339218;0;0049;Mibanco;;PEN;1.00;0002;BCP;20/10/2025 08:44:22.735;20/10/2025 08:44:23.446;711;20/10/2025 08:44:22.735;20/10/2025 08:44:23.446;711;20/10/2025 08:44:23.010;20/10/2025 08:44:23.273;263;00;;00;5400;1;
4553341230;0;0049;Mibanco;;PEN;1.00;0002;BCP;20/10/2025 08:44:51.248;20/10/2025 08:44:51.882;634;20/10/2025 08:44:51.248;20/10/2025 08:44:51.882;634;20/10/2025 08:44:51.401;20/10/2025 08:44:51.737;336;00;;00;5400;1;
4553339744;0;0049;Mibanco;;PEN;1.00;0002;BCP;20/10/2025 08:44:30.183;20/10/2025 08:44:40.496;10313;20/10/2025 08:44:30.183;20/10/2025 08:44:40.496;10313;20/10/2025 08:44:30.330;;;05;DS24;;5400;2;
4553340410;0;0049;Mibanco;;PEN;1.00;0002;BCP;20/10/2025 08:44:39.511;20/10/2025 08:44:50.024;10513;20/10/2025 08:44:39.511;20/10/2025 08:44:50.024;10513;20/10/2025 08:44:39.689;;;05;DS24;;5400;2;
4553341818;0;0049;Mibanco;;PEN;1.00;0002;BCP;20/10/2025 08:45:00.381;20/10/2025 08:45:10.547;10166;20/10/2025 08:45:00.381;20/10/2025 08:45:10.547;10166;20/10/2025 08:45:00.536;;;05;DS24;;5400;2;
4553341493;0;0049;Mibanco;;PEN;1.00;0002;BCP;20/10/2025 08:44:54.123;20/10/2025 08:44:54.816;693;20/10/2025 08:44:54.123;20/10/2025 08:44:54.816;693;20/10/2025 08:44:54.289;20/10/2025 08:44:54.674;385;00;;00;5400;1;
4553344432;0;0049;Mibanco;;PEN;1.00;0002;BCP;20/10/2025 08:45:37.315;20/10/2025 08:45:37.937;622;20/10/2025 08:45:37.315;20/10/2025 08:45:37.937;622;20/10/2025 08:45:37.447;20/10/2025 08:45:37.776;329;00;;00;5400;1;
4553341823;0;0049;Mibanco;;PEN;1.00;0002;BCP;20/10/2025 08:45:00.841;20/10/2025 08:45:07.680;6839;20/10/2025 08:45:00.841;20/10/2025 08:45:07.680;6839;20/10/2025 08:45:01.083;20/10/2025 08:45:07.474;6391;00;;00;5400;1;
4553343418;0;0049;Mibanco;;PEN;1.00;0002;BCP;20/10/2025 08:45:20.513;20/10/2025 08:45:21.333;820;20/10/2025 08:45:20.513;20/10/2025 08:45:21.333;820;20/10/2025 08:45:20.687;20/10/2025 08:45:21.132;445;00;;00;5400;1;
4553344010;0;0049;Mibanco;;PEN;1.00;0002;BCP;20/10/2025 08:45:30.868;20/10/2025 08:45:31.694;826;20/10/2025 08:45:30.868;20/10/2025 08:45:31.694;826;20/10/2025 08:45:31.112;20/10/2025 08:45:31.434;322;00;;00;5400;1;
4553343436;0;0049;Mibanco;;PEN;1.00;0002;BCP;20/10/2025 08:45:21.409;20/10/2025 08:45:28.000;6591;20/10/2025 08:45:21.409;20/10/2025 08:45:28.000;6591;20/10/2025 08:45:21.580;20/10/2025 08:45:27.876;6296;00;;00;5400;1;
4553343691;0;0049;Mibanco;;PEN;1.00;0002;BCP;20/10/2025 08:45:24.399;20/10/2025 08:45:25.010;611;20/10/2025 08:45:24.399;20/10/2025 08:45:25.010;611;20/10/2025 08:45:24.591;20/10/2025 08:45:24.873;282;00;;00;5400;1;
4553344361;0;0049;Mibanco;;PEN;1.00;0002;BCP;20/10/2025 08:45:34.211;20/10/2025 08:45:34.781;570;20/10/2025 08:45:34.211;20/10/2025 08:45:34.781;570;20/10/2025 08:45:34.317;20/10/2025 08:45:34.645;328;00;;00;5400;1;
4553554341;0;0049;Mibanco;;PEN;10.00;0003;IBK;20/10/2025 09:47:45.285;20/10/2025 09:47:46.508;1223;20/10/2025 09:47:45.285;20/10/2025 09:47:46.508;1223;20/10/2025 09:47:45.465;20/10/2025 09:47:46.249;784;00;;00;5400;1;
4553494621;0;0003;Interbank;;PEN;1.23;0002;BCP;20/10/2025 09:29:08.157;20/10/2025 09:29:08.332;175;20/10/2025 09:29:08.157;20/10/2025 09:29:08.332;175;;;;05;9921;;5400;2;
4553480398;0;0921;Tarjetas Peruanas (Ligo);;PEN;1010.00;0002;BCP;20/10/2025 09:24:35.374;20/10/2025 09:24:42.335;6961;20/10/2025 09:24:35.374;20/10/2025 09:24:42.335;6961;20/10/2025 09:24:35.539;20/10/2025 09:24:42.080;6541;05;AG03;05;5400;2;
4553609853;0;0003;Interbank;;PEN;65.48;0053;GNB;20/10/2025 10:05:01.944;20/10/2025 10:05:03.776;1832;20/10/2025 10:05:01.944;20/10/2025 10:05:03.776;1832;20/10/2025 10:05:02.220;20/10/2025 10:05:03.501;1281;00;;00;5400;1;
4553676121;0;0003;Interbank;;PEN;39.87;0053;GNB;20/10/2025 10:25:39.725;20/10/2025 10:25:41.369;1644;20/10/2025 10:25:39.725;20/10/2025 10:25:41.369;1644;20/10/2025 10:25:39.994;20/10/2025 10:25:41.106;1112;00;;00;5400;1;
4553611150;0;0003;Interbank;;PEN;65.48;0053;GNB;20/10/2025 10:05:21.854;20/10/2025 10:05:23.540;1686;20/10/2025 10:05:21.854;20/10/2025 10:05:23.540;1686;20/10/2025 10:05:22.105;20/10/2025 10:05:23.297;1192;00;;00;5400;1;
4553689961;0;0922;Dale (GMoney);;PEN;20.98;0002;BCP;20/10/2025 10:29:57.714;20/10/2025 10:30:04.545;6831;20/10/2025 10:29:57.714;20/10/2025 10:30:04.545;6831;20/10/2025 10:29:57.979;20/10/2025 10:30:04.381;6402;00;;00;5400;1;
4553677154;0;0003;Interbank;;PEN;39.87;0053;GNB;20/10/2025 10:26:01.742;20/10/2025 10:26:03.452;1710;20/10/2025 10:26:01.742;20/10/2025 10:26:03.452;1710;20/10/2025 10:26:02.043;20/10/2025 10:26:03.215;1172;00;;00;5400;1;
4553680318;0;0922;Dale (GMoney);;PEN;0.44;0003;IBK;20/10/2025 10:26:59.121;20/10/2025 10:27:00.662;1541;20/10/2025 10:26:59.121;20/10/2025 10:27:00.662;1541;20/10/2025 10:26:59.375;20/10/2025 10:27:00.436;1061;00;;00;5400;1;
4553682514;0;0922;Dale (GMoney);;PEN;1.00;0003;IBK;20/10/2025 10:27:43.302;20/10/2025 10:27:44.376;1074;20/10/2025 10:27:43.302;20/10/2025 10:27:44.376;1074;20/10/2025 10:27:43.577;20/10/2025 10:27:44.129;552;00;;00;5400;1;
4553711113;0;0922;Dale (GMoney);;PEN;22.99;0038;BIF;20/10/2025 10:36:37.156;20/10/2025 10:36:37.945;789;20/10/2025 10:36:37.156;20/10/2025 10:36:37.945;789;20/10/2025 10:36:37.439;20/10/2025 10:36:37.811;372;00;;00;5400;1;
4553755115;0;0921;Tarjetas Peruanas (Ligo);;PEN;515.00;0002;BCP;20/10/2025 10:50:12.903;20/10/2025 10:50:19.847;6944;20/10/2025 10:50:12.903;20/10/2025 10:50:19.847;6944;20/10/2025 10:50:13.188;20/10/2025 10:50:19.582;6394;05;AG03;05;5400;2;
4553718834;0;0922;Dale (GMoney);;PEN;0.44;0003;IBK;20/10/2025 10:38:53.650;20/10/2025 10:38:54.971;1321;20/10/2025 10:38:53.650;20/10/2025 10:38:54.971;1321;20/10/2025 10:38:53.943;20/10/2025 10:38:54.713;770;00;;00;5400;1;
4553732491;0;0922;Dale (GMoney);;PEN;0.44;0003;IBK;20/10/2025 10:43:11.106;20/10/2025 10:43:12.464;1358;20/10/2025 10:43:11.106;20/10/2025 10:43:12.464;1358;20/10/2025 10:43:11.261;20/10/2025 10:43:12.225;964;00;;00;5400;1;
4553717403;0;0921;Tarjetas Peruanas (Ligo);;PEN;510.00;0002;BCP;20/10/2025 10:38:32.478;20/10/2025 10:38:39.430;6952;20/10/2025 10:38:32.478;20/10/2025 10:38:39.430;6952;20/10/2025 10:38:32.724;20/10/2025 10:38:39.281;6557;05;AG03;05;5400;2;
4553810822;0;0921;Tarjetas Peruanas (Ligo);;PEN;1005.00;0003;IBK;20/10/2025 11:07:38.639;20/10/2025 11:07:40.003;1364;20/10/2025 11:07:38.639;20/10/2025 11:07:40.003;1364;20/10/2025 11:07:38.861;20/10/2025 11:07:39.767;906;00;;00;5400;1;
4553805382;0;0921;Tarjetas Peruanas (Ligo);;PEN;500.00;0003;IBK;20/10/2025 11:05:53.084;20/10/2025 11:05:54.341;1257;20/10/2025 11:05:53.084;20/10/2025 11:05:54.341;1257;20/10/2025 11:05:53.246;20/10/2025 11:05:54.204;958;00;;00;5400;1;
4553761467;0;0921;Tarjetas Peruanas (Ligo);;PEN;515.00;0002;BCP;20/10/2025 10:52:12.461;20/10/2025 10:52:19.455;6994;20/10/2025 10:52:12.461;20/10/2025 10:52:19.455;6994;20/10/2025 10:52:12.738;20/10/2025 10:52:19.279;6541;05;AG03;05;5400;2;
4553984481;0;0049;Mibanco;;PEN;76.35;0002;BCP;20/10/2025 12:01:38.041;20/10/2025 12:01:44.826;6785;20/10/2025 12:01:38.041;20/10/2025 12:01:44.826;6785;20/10/2025 12:01:38.221;20/10/2025 12:01:44.677;6456;00;;00;5400;1;
4554030991;0;0921;Tarjetas Peruanas (Ligo);;PEN;1850.00;0003;IBK;20/10/2025 12:16:11.084;20/10/2025 12:16:12.115;1031;20/10/2025 12:16:11.084;20/10/2025 12:16:12.115;1031;20/10/2025 12:16:11.285;20/10/2025 12:16:11.950;665;00;;00;5400;1;
4553988983;0;0049;Mibanco;;PEN;110.00;0002;BCP;20/10/2025 12:03:05.117;20/10/2025 12:03:11.944;6827;20/10/2025 12:03:05.117;20/10/2025 12:03:11.944;6827;20/10/2025 12:03:05.374;20/10/2025 12:03:11.775;6401;00;;00;5400;1;
4553997914;0;0003;Interbank;;PEN;499.01;0002;BCP;20/10/2025 12:05:50.545;20/10/2025 12:05:57.490;6945;20/10/2025 12:05:50.545;20/10/2025 12:05:57.490;6945;20/10/2025 12:05:50.713;20/10/2025 12:05:57.351;6638;00;;00;5400;1;
4554012781;0;0921;Tarjetas Peruanas (Ligo);;PEN;1500.00;0002;BCP;20/10/2025 12:10:36.035;20/10/2025 12:10:42.778;6743;20/10/2025 12:10:36.035;20/10/2025 12:10:42.778;6743;20/10/2025 12:10:36.304;20/10/2025 12:10:42.582;6278;00;;00;5400;1;
4553988523;0;0003;Interbank;;PEN;467.31;0002;BCP;20/10/2025 12:02:58.845;20/10/2025 12:03:05.694;6849;20/10/2025 12:02:58.845;20/10/2025 12:03:05.694;6849;20/10/2025 12:02:59.022;20/10/2025 12:03:05.477;6455;00;;00;5400;1;
4553999261;0;0922;Dale (GMoney);;PEN;550.00;0002;BCP;20/10/2025 12:06:19.994;20/10/2025 12:06:30.141;10147;20/10/2025 12:06:19.994;20/10/2025 12:06:30.141;10147;20/10/2025 12:06:20.139;;;05;DS24;;5400;2;
4554025600;0;0003;Interbank;;PEN;169.35;0038;BIF;20/10/2025 12:14:35.310;20/10/2025 12:14:36.087;777;20/10/2025 12:14:35.310;20/10/2025 12:14:36.087;777;20/10/2025 12:14:35.586;20/10/2025 12:14:35.935;349;00;;00;5400;1;
4554078692;0;0921;Tarjetas Peruanas (Ligo);;PEN;3850.00;0038;BIF;20/10/2025 12:31:07.992;20/10/2025 12:31:09.123;1131;20/10/2025 12:31:07.992;20/10/2025 12:31:09.123;1131;20/10/2025 12:31:08.267;20/10/2025 12:31:08.963;696;00;;00;5400;1;
4554056187;0;0921;Tarjetas Peruanas (Ligo);;PEN;1850.00;0023;COM;20/10/2025 12:24:06.177;20/10/2025 12:24:06.882;705;20/10/2025 12:24:06.177;20/10/2025 12:24:06.882;705;20/10/2025 12:24:06.464;20/10/2025 12:24:06.619;155;00;;00;5400;1;
4554032364;0;0922;Dale (GMoney);;PEN;550.00;0002;BCP;20/10/2025 12:16:47.929;20/10/2025 12:16:55.721;7792;20/10/2025 12:16:47.929;20/10/2025 12:16:55.721;7792;20/10/2025 12:16:48.103;20/10/2025 12:16:55.577;7474;05;AG03;05;5400;2;
4554524307;0;0002;BCP;;PEN;267.91;0003;IBK;20/10/2025 14:49:45.184;20/10/2025 14:49:46.175;991;20/10/2025 14:49:45.184;20/10/2025 14:49:46.175;991;20/10/2025 14:49:45.331;20/10/2025 14:49:46.046;715;00;;00;5400;1;
4554195836;0;0003;Interbank;;PEN;201.30;0038;BIF;20/10/2025 13:07:38.721;20/10/2025 13:07:39.499;778;20/10/2025 13:07:38.721;20/10/2025 13:07:39.499;778;20/10/2025 13:07:38.902;20/10/2025 13:07:39.256;354;00;;00;5400;1;
4554286759;0;0921;Tarjetas Peruanas (Ligo);;PEN;1500.00;0801;CPIU;20/10/2025 13:35:49.053;20/10/2025 13:35:52.966;3913;20/10/2025 13:35:49.053;20/10/2025 13:35:52.966;3913;20/10/2025 13:35:49.347;20/10/2025 13:35:52.734;3387;00;;00;5400;1;
4554524301;0;0002;BCP;;PEN;210.85;0011;BBVA;20/10/2025 14:49:44.947;20/10/2025 14:49:45.930;983;20/10/2025 14:49:44.947;20/10/2025 14:49:45.930;983;20/10/2025 14:49:45.099;20/10/2025 14:49:45.692;593;00;;00;5400;1;
4554192644;0;0922;Dale (GMoney);;PEN;66.98;0002;BCP;20/10/2025 13:06:35.246;20/10/2025 13:06:42.056;6810;20/10/2025 13:06:35.246;20/10/2025 13:06:42.056;6810;20/10/2025 13:06:35.507;20/10/2025 13:06:41.875;6368;00;;00;5400;1;
4554465549;0;0038;Banbif;;PEN;18.50;0003;IBK;20/10/2025 14:31:32.520;20/10/2025 14:31:33.725;1205;20/10/2025 14:31:32.520;20/10/2025 14:31:33.725;1205;20/10/2025 14:31:32.775;20/10/2025 14:31:33.524;749;00;;00;5400;1;
4554524292;0;0002;BCP;;PEN;97.55;0806;CCUS;20/10/2025 14:49:44.555;20/10/2025 14:49:45.331;776;20/10/2025 14:49:44.555;20/10/2025 14:49:45.331;776;20/10/2025 14:49:44.701;20/10/2025 14:49:45.184;483;00;;00;5400;1;
4554525908;0;0002;BCP;;PEN;156.82;0922;DALE;20/10/2025 14:50:11.286;20/10/2025 14:50:14.470;3184;20/10/2025 14:50:11.286;20/10/2025 14:50:14.470;3184;20/10/2025 14:50:11.544;20/10/2025 14:50:14.178;2634;00;;00;5400;1;
4554524311;0;0002;BCP;;PEN;210.04;0776;PRXP;20/10/2025 14:49:45.184;20/10/2025 14:49:46.853;1669;20/10/2025 14:49:45.184;20/10/2025 14:49:46.853;1669;20/10/2025 14:49:45.331;20/10/2025 14:49:46.632;1301;00;;00;5400;1;
4554524312;0;0002;BCP;;PEN;139.50;0009;SCO;20/10/2025 14:49:45.218;20/10/2025 14:49:47.312;2094;20/10/2025 14:49:45.218;20/10/2025 14:49:47.312;2094;20/10/2025 14:49:45.466;20/10/2025 14:49:47.176;1710;00;;00;5400;1;
4554525913;0;0002;BCP;;PEN;20.44;0049;MIB;20/10/2025 14:50:43.167;20/10/2025 14:50:43.481;314;20/10/2025 14:50:43.167;20/10/2025 14:50:43.481;314;20/10/2025 14:50:11.705;20/10/2025 14:50:12.629;924;05;DUPL;00;5400;2;
4554525901;0;0002;BCP;;PEN;100.25;0094;FOH;20/10/2025 14:50:18.970;20/10/2025 14:50:19.408;438;20/10/2025 14:50:18.970;20/10/2025 14:50:19.408;438;20/10/2025 14:49:45.505;20/10/2025 14:49:48.662;3157;05;DUPL;00;5400;2;
4554631183;0;0800;Caja Metropolitana;;PEN;20.00;0038;BIF;20/10/2025 15:22:59.079;20/10/2025 15:22:59.819;740;20/10/2025 15:22:59.079;20/10/2025 15:22:59.819;740;20/10/2025 15:22:59.363;20/10/2025 15:22:59.587;224;00;;00;5400;1;
4554559019;0;0049;Mibanco;;PEN;1.00;0002;BCP;20/10/2025 15:00:33.993;20/10/2025 15:00:41.296;7303;20/10/2025 15:00:33.993;20/10/2025 15:00:41.296;7303;20/10/2025 15:00:34.255;20/10/2025 15:00:41.051;6796;00;;00;5400;1;
4554604988;0;0922;Dale (GMoney);;PEN;500.00;0099;FCFI;20/10/2025 15:14:50.364;20/10/2025 15:14:52.979;2615;20/10/2025 15:14:50.364;20/10/2025 15:14:52.979;2615;20/10/2025 15:14:50.548;20/10/2025 15:14:52.830;2282;00;;00;5400;1;
4554735938;0;0922;Dale (GMoney);;PEN;11.00;0002;BCP;20/10/2025 15:55:41.973;20/10/2025 15:55:43.135;1162;20/10/2025 15:55:41.973;20/10/2025 15:55:43.135;1162;20/10/2025 15:55:42.274;20/10/2025 15:55:42.875;601;00;;00;5400;1;
4554638309;0;0800;Caja Metropolitana;;PEN;20.00;0038;BIF;20/10/2025 15:25:17.318;20/10/2025 15:25:18.116;798;20/10/2025 15:25:17.318;20/10/2025 15:25:18.116;798;20/10/2025 15:25:17.573;20/10/2025 15:25:17.850;277;05;AM05;05;5400;2;
4554654425;0;0800;Caja Metropolitana;;PEN;30.00;0038;BIF;20/10/2025 15:30:18.583;20/10/2025 15:30:19.203;620;20/10/2025 15:30:18.583;20/10/2025 15:30:19.203;620;20/10/2025 15:30:18.737;20/10/2025 15:30:19.037;300;00;;00;5400;1;
4554684304;0;0002;BCP;;PEN;3.00;0003;IBK;20/10/2025 15:39:37.622;20/10/2025 15:39:39.038;1416;20/10/2025 15:39:37.622;20/10/2025 15:39:39.038;1416;20/10/2025 15:39:37.782;20/10/2025 15:39:38.868;1086;00;;00;5400;1;
4554741385;0;0009;Scotiabank;;PEN;3.00;0023;COM;20/10/2025 15:57:19.992;20/10/2025 15:57:20.667;675;20/10/2025 15:57:19.992;20/10/2025 15:57:20.667;675;20/10/2025 15:57:20.167;20/10/2025 15:57:20.434;267;00;;00;5400;1;
4554739122;0;0009;Scotiabank;;PEN;3.00;0023;COM;20/10/2025 15:56:43.265;20/10/2025 15:56:43.897;632;20/10/2025 15:56:43.265;20/10/2025 15:56:43.897;632;20/10/2025 15:56:43.457;20/10/2025 15:56:43.659;202;00;;00;5400;1;
4554740980;0;0922;Dale (GMoney);;PEN;15.96;0002;BCP;20/10/2025 15:57:10.761;20/10/2025 15:57:17.658;6897;20/10/2025 15:57:10.761;20/10/2025 15:57:17.658;6897;20/10/2025 15:57:11.009;20/10/2025 15:57:17.438;6429;00;;00;5400;1;
4555001364;0;0054;Banco Falabella;;PEN;11.50;0003;IBK;20/10/2025 17:17:09.026;20/10/2025 17:17:19.408;10382;20/10/2025 17:17:09.026;20/10/2025 17:17:19.408;10382;20/10/2025 17:17:09.256;;;05;DS24;;5400;2;
4554744588;0;0922;Dale (GMoney);;PEN;36.96;0002;BCP;20/10/2025 15:58:23.386;20/10/2025 15:58:30.484;7098;20/10/2025 15:58:23.386;20/10/2025 15:58:30.484;7098;20/10/2025 15:58:23.657;20/10/2025 15:58:30.251;6594;00;;00;5400;1;
4554776107;0;0922;Dale (GMoney);;PEN;59.99;0003;IBK;20/10/2025 16:08:06.929;20/10/2025 16:08:08.289;1360;20/10/2025 16:08:06.929;20/10/2025 16:08:08.289;1360;20/10/2025 16:08:07.168;20/10/2025 16:08:08.035;867;00;;00;5400;1;
4554813547;0;0094;Financiera Oh;;PEN;10.00;0003;IBK;20/10/2025 16:18:47.568;20/10/2025 16:18:48.768;1200;20/10/2025 16:18:47.568;20/10/2025 16:18:48.768;1200;20/10/2025 16:18:47.859;20/10/2025 16:18:48.579;720;00;;00;5400;1;
4554856110;0;0002;BCP;;PEN;7.36;0922;DALE;20/10/2025 16:32:01.415;20/10/2025 16:32:01.662;247;20/10/2025 16:32:01.415;20/10/2025 16:32:01.662;247;;;;05;9934;;5400;2;
4554884664;0;0806;Caja Cusco;;PEN;2.00;0053;GNB;20/10/2025 16:40:48.853;20/10/2025 16:40:50.256;1403;20/10/2025 16:40:48.853;20/10/2025 16:40:50.256;1403;20/10/2025 16:40:49.039;20/10/2025 16:40:50.098;1059;00;;00;5400;1;
4554910810;0;0054;Banco Falabella;;PEN;23.87;0053;GNB;20/10/2025 16:49:02.473;20/10/2025 16:49:03.985;1512;20/10/2025 16:49:02.473;20/10/2025 16:49:03.985;1512;20/10/2025 16:49:02.751;20/10/2025 16:49:03.835;1084;00;;00;5400;1;
4554999427;0;0800;Caja Metropolitana;;PEN;70.00;0049;MIB;20/10/2025 17:16:33.913;20/10/2025 17:16:35.235;1322;20/10/2025 17:16:33.913;20/10/2025 17:16:35.235;1322;20/10/2025 17:16:34.073;20/10/2025 17:16:35.008;935;00;;00;5400;1;
4554845369;0;0049;Mibanco;;PEN;35.00;0038;BIF;20/10/2025 16:28:36.714;20/10/2025 16:28:37.504;790;20/10/2025 16:28:36.714;20/10/2025 16:28:37.504;790;20/10/2025 16:28:36.902;20/10/2025 16:28:37.219;317;00;;00;5400;1;
4554919369;0;0800;Caja Metropolitana;;PEN;60.00;0049;MIB;20/10/2025 16:51:40.936;20/10/2025 16:51:42.410;1474;20/10/2025 16:51:40.936;20/10/2025 16:51:42.410;1474;20/10/2025 16:51:41.241;20/10/2025 16:51:42.268;1027;00;;00;5400;1;
4554982802;0;0922;Dale (GMoney);;PEN;2.08;0038;BIF;20/10/2025 17:11:21.148;20/10/2025 17:11:21.868;720;20/10/2025 17:11:21.148;20/10/2025 17:11:21.868;720;20/10/2025 17:11:21.432;20/10/2025 17:11:21.620;188;00;;00;5400;1;
4554999448;0;0054;Banco Falabella;;PEN;11.50;0003;IBK;20/10/2025 17:16:37.073;20/10/2025 17:16:47.349;10276;20/10/2025 17:16:37.073;20/10/2025 17:16:47.349;10276;20/10/2025 17:16:37.255;;;05;DS24;;5400;2;
4555153286;0;0922;Dale (GMoney);;PEN;25.98;0003;IBK;20/10/2025 18:04:22.613;20/10/2025 18:04:23.968;1355;20/10/2025 18:04:22.613;20/10/2025 18:04:23.968;1355;20/10/2025 18:04:22.883;20/10/2025 18:04:23.729;846;00;;00;5400;1;
4555037030;0;0004;0004;;PEN;110.00;0054;FAL;20/10/2025 17:28:17.343;20/10/2025 17:28:19.849;2506;20/10/2025 17:28:17.343;20/10/2025 17:28:19.849;2506;20/10/2025 17:28:17.631;20/10/2025 17:28:19.595;1964;00;;00;5400;1;
4555023561;0;0002;BCP;;PEN;8.11;0922;DALE;20/10/2025 17:24:06.182;20/10/2025 17:24:06.430;248;20/10/2025 17:24:06.182;20/10/2025 17:24:06.430;248;;;;05;9934;;5400;2;
4555073307;0;0806;Caja Cusco;;PEN;2.00;0038;BIF;20/10/2025 17:39:32.517;20/10/2025 17:39:33.303;786;20/10/2025 17:39:32.517;20/10/2025 17:39:33.303;786;20/10/2025 17:39:32.819;20/10/2025 17:39:33.155;336;00;;00;5400;1;
4555085544;0;0094;Financiera Oh;;PEN;1.00;0003;IBK;20/10/2025 17:43:16.401;20/10/2025 17:43:17.541;1140;20/10/2025 17:43:16.401;20/10/2025 17:43:17.541;1140;20/10/2025 17:43:16.570;20/10/2025 17:43:17.294;724;00;;00;5400;1;
4555258435;0;0003;Interbank;;PEN;15.54;0049;MIB;20/10/2025 18:38:14.906;20/10/2025 18:38:16.304;1398;20/10/2025 18:38:14.906;20/10/2025 18:38:16.304;1398;20/10/2025 18:38:15.165;20/10/2025 18:38:16.153;988;00;;00;5400;1;
4555257572;0;0003;Interbank;;PEN;15.54;0049;MIB;20/10/2025 18:37:54.814;20/10/2025 18:37:56.244;1430;20/10/2025 18:37:54.814;20/10/2025 18:37:56.244;1430;20/10/2025 18:37:55.059;20/10/2025 18:37:55.973;914;00;;00;5400;1;
4555304059;0;0922;Dale (GMoney);;PEN;5.52;0049;MIB;20/10/2025 18:52:57.408;20/10/2025 18:52:58.649;1241;20/10/2025 18:52:57.408;20/10/2025 18:52:58.649;1241;20/10/2025 18:52:57.670;20/10/2025 18:52:58.502;832;00;;00;5400;1;
4555302281;0;0054;Banco Falabella;;PEN;172.23;0002;BCP;20/10/2025 18:52:21.599;20/10/2025 18:52:32.064;10465;20/10/2025 18:52:21.599;20/10/2025 18:52:32.064;10465;20/10/2025 18:52:21.854;;;05;DS24;;5400;2;
4555315232;0;0003;Interbank;;PEN;66.48;0049;MIB;20/10/2025 18:56:30.743;20/10/2025 18:56:32.124;1381;20/10/2025 18:56:30.743;20/10/2025 18:56:32.124;1381;20/10/2025 18:56:30.934;20/10/2025 18:56:31.907;973;00;;00;5400;1;
4555307843;0;0054;Banco Falabella;;PEN;173.23;0002;BCP;20/10/2025 18:54:06.258;20/10/2025 18:54:16.928;10670;20/10/2025 18:54:06.258;20/10/2025 18:54:16.928;10670;20/10/2025 18:54:06.518;;;05;DS24;;5400;2;
